InvoiceNo,StockCode,Description,Quantity,InvoiceDate,UnitPrice,CustomerID,Country
536000,22632,HAND WARMER RED POLKA DOT,2,2011-04-20 11:14:00,1.78,12089,United Kingdom
536001,85123A,WHITE HANGING HEART T-LIGHT HOLDER,6,2011-03-22 11:32:00,2.61,12429,United Kingdom
536002,22633,HAND WARMER UNION JACK,4,2011-02-20 19:27:00,1.79,12344,United Kingdom
536001,84029E,RED WOOLLY HOTTIE WHITE HEART,10,2011-05-26 17:16:00,3.54,12549,United Kingdom
536004,85099C,JUMBO BAG BAROQUE BLACK WHITE,6,2011-09-09 12:53:00,2.08,12370,United Kingdom
536005,22086,PAPER CHAIN KIT 50'S CHRISTMAS,3,2011-11-04 11:49:00,2.45,12238,Netherlands
536001,84029E,RED WOOLLY HOTTIE WHITE HEART,4,2011-10-22 13:10:00,3.31,12273,France
536007,22086,PAPER CHAIN KIT 50'S CHRISTMAS,6,2011-10-08 18:10:00,2.5,12473,United Kingdom
536004,22961,JAM MAKING SET PRINTED,10,2011-11-16 13:53:00,1.39,12032,Germany
536009,84029E,RED WOOLLY HOTTIE WHITE HEART,8,2011-03-19 17:56:00,3.31,12511,United Kingdom
536002,22386,JUMBO BAG PINK POLKADOT,3,2011-02-12 12:08:00,1.99,12269,France
536002,22752,SET 7 BABUSHKA NESTING BOXES,6,2011-06-04 11:08:00,7.36,12048,Netherlands
536006,71053,WHITE METAL LANTERN,1,2011-11-14 14:38:00,3.39,12479,United Kingdom
536013,22961,JAM MAKING SET PRINTED,8,2011-11-14 19:07:00,1.48,12273,France
536004,84029E,RED WOOLLY HOTTIE WHITE HEART,1,2011-07-11 10:29:00,3.54,12269,Portugal
536015,21258,VICTORIAN SEWING BOX LARGE,6,2011-10-17 12:53:00,11.27,12156,United Kingdom
536016,71053,WHITE METAL LANTERN,1,2011-10-03 13:31:00,3.63,12314,United Kingdom
536017,84406B,CREAM CUPID HEARTS COAT HANGER,10,2011-01-13 19:31:00,2.96,12545,France
536004,71053,WHITE METAL LANTERN,6,2011-09-08 10:16:00,3.49,12216,Belgium
536009,21258,VICTORIAN SEWING BOX LARGE,48,2011-12-01 12:25:00,11.33,12448,Spain
536010,22752,SET 7 BABUSHKA NESTING BOXES,1,2011-03-26 09:21:00,7.82,12225,United Kingdom
536021,22086,PAPER CHAIN KIT 50'S CHRISTMAS,1,2011-03-28 09:57:00,2.53,12526,United Kingdom
536011,22632,HAND WARMER RED POLKA DOT,24,2011-09-03 10:46:00,1.89,12484,United Kingdom
536005,21730,GLASS STAR FROSTED T-LIGHT HOLDER,6,2011-03-08 09:06:00,4.23,12420,United Kingdom
536024,22086,PAPER CHAIN KIT 50'S CHRISTMAS,4,2011-01-01 14:46:00,2.71,12254,United Kingdom
536012,22633,HAND WARMER UNION JACK,5,2011-07-05 10:17:00,1.97,12077,United Kingdom
536026,22386,JUMBO BAG PINK POLKADOT,10,2010-12-26 18:34:00,2.1,12242,United Kingdom
536013,21730,GLASS STAR FROSTED T-LIGHT HOLDER,4,2011-06-24 08:10:00,4.58,12271,Belgium
536009,22114,HOT WATER BOTTLE TEA AND SYMPATHY,48,2011-07-05 19:46:00,3.53,12498,United Kingdom
536029,84029G,KNITTED UNION FLAG HOT WATER BOTTLE,1,2011-09-23 19:34:00,3.36,12051,United Kingdom
536015,21730,GLASS STAR FROSTED T-LIGHT HOLDER,12,2010-12-30 16:05:00,4.08,12069,United Kingdom
536031,84406B,CREAM CUPID HEARTS COAT HANGER,6,2011-09-18 11:37:00,2.83,12429,United Kingdom
536010,22633,HAND WARMER UNION JACK,8,2011-04-13 11:42:00,1.81,12405,United Kingdom
536008,22632,HAND WARMER RED POLKA DOT,1,2011-05-11 20:59:00,1.87,12102,United Kingdom
536011,84406B,CREAM CUPID HEARTS COAT HANGER,1,2011-02-06 13:56:00,2.7,12291,United Kingdom
536011,22114,HOT WATER BOTTLE TEA AND SYMPATHY,6,2011-10-10 20:41:00,3.58,12306,Belgium
536018,85123A,WHITE HANGING HEART T-LIGHT HOLDER,2,2011-04-15 09:56:00,2.61,12278,United Kingdom
536012,84406B,CREAM CUPID HEARTS COAT HANGER,12,2011-03-15 18:40:00,2.79,12257,Spain
536038,22114,HOT WATER BOTTLE TEA AND SYMPATHY,3,2011-10-21 14:53:00,3.28,12133,United Kingdom
536009,84406B,CREAM CUPID HEARTS COAT HANGER,6,2011-09-09 19:27:00,2.65,12152,United Kingdom
536020,22114,HOT WATER BOTTLE TEA AND SYMPATHY,4,2011-07-09 10:02:00,3.68,12040,Spain
536020,84406B,CREAM CUPID HEARTS COAT HANGER,10,2011-11-07 09:22:00,2.93,12416,Portugal
536021,21258,VICTORIAN SEWING BOX LARGE,2,2011-02-22 20:51:00,10.99,12183,France
536010,84029G,KNITTED UNION FLAG HOT WATER BOTTLE,3,2011-11-08 19:51:00,3.29,12110,United Kingdom
536011,85123A,WHITE HANGING HEART T-LIGHT HOLDER,12,2011-03-24 11:52:00,2.54,12233,United Kingdom
536011,22632,HAND WARMER RED POLKA DOT,1,2011-05-18 12:55:00,1.94,12359,United Kingdom
536015,84029E,RED WOOLLY HOTTIE WHITE HEART,36,2010-12-15 09:56:00,3.3,12271,United Kingdom
536015,22632,HAND WARMER RED POLKA DOT,48,2011-05-10 14:38:00,1.79,12194,United Kingdom
536048,22086,PAPER CHAIN KIT 50'S CHRISTMAS,8,2011-08-24 20:34:00,2.73,12201,United Kingdom
536016,85123A,WHITE HANGING HEART T-LIGHT HOLDER,12,2011-10-16 13:42:00,2.66,12307,United Kingdom
536016,22632,HAND WARMER RED POLKA DOT,6,2011-06-25 19:18:00,1.8,12388,United Kingdom
536017,22386,JUMBO BAG PINK POLKADOT,1,2011-06-26 16:53:00,1.93,12440,Germany
536017,22632,HAND WARMER RED POLKA DOT,8,2011-07-27 15:28:00,1.88,12173,United Kingdom
536017,84029G,KNITTED UNION FLAG HOT WATER BOTTLE,8,2011-01-17 20:15:00,3.32,12203,United Kingdom
536013,85123A,WHITE HANGING HEART T-LIGHT HOLDER,5,2011-10-09 20:04:00,2.72,12199,France
536013,84029E,RED WOOLLY HOTTIE WHITE HEART,8,2011-04-04 10:41:00,3.61,12109,France
536014,84406B,CREAM CUPID HEARTS COAT HANGER,12,2010-12-26 16:15:00,2.66,12136,Germany
536019,22632,HAND WARMER RED POLKA DOT,8,2011-07-15 17:52:00,1.88,12456,Spain
536014,22086,PAPER CHAIN KIT 50'S CHRISTMAS,3,2011-07-19 12:48:00,2.63,12533,United Kingdom
536014,84406B,CREAM CUPID HEARTS COAT HANGER,3,2011-01-09 19:18:00,2.73,12082,United Kingdom
536030,84406B,CREAM CUPID HEARTS COAT HANGER,5,2011-11-27 11:04:00,2.73,12477,United Kingdom
536015,71053,WHITE METAL LANTERN,24,2011-06-18 20:37:00,3.23,12389,United Kingdom
536020,85099C,JUMBO BAG BAROQUE BLACK WHITE,8,2011-06-18 14:34:00,1.99,12225,United Kingdom
536015,84029G,KNITTED UNION FLAG HOT WATER BOTTLE,8,2010-12-15 14:21:00,3.57,12169,Germany
536064,85099C,JUMBO BAG BAROQUE BLACK WHITE,6,2011-06-20 17:36:00,1.87,12438,United Kingdom
536065,22752,SET 7 BABUSHKA NESTING BOXES,3,2011-04-13 14:20:00,7.59,12388,United Kingdom
536016,85099C,JUMBO BAG BAROQUE BLACK WHITE,1,2011-04-09 09:30:00,1.99,12358,United Kingdom
536067,85123A,WHITE HANGING HEART T-LIGHT HOLDER,10,2010-12-16 11:12:00,2.63,12244,United Kingdom
536034,22632,HAND WARMER RED POLKA DOT,10,2011-07-27 19:16:00,1.8,12117,France
536023,71053,WHITE METAL LANTERN,24,2011-01-25 17:01:00,3.47,12384,United Kingdom
536070,22086,PAPER CHAIN KIT 50'S CHRISTMAS,6,2011-09-30 19:53:00,2.46,12308,Netherlands
536071,22632,HAND WARMER RED POLKA DOT,4,2011-09-16 20:02:00,1.86,12379,United Kingdom
536072,22632,HAND WARMER RED POLKA DOT,5,2011-07-04 15:06:00,1.84,12470,France
536024,22752,SET 7 BABUSHKA NESTING BOXES,6,2011-10-12 20:58:00,7.75,12446,Germany
536024,22632,HAND WARMER RED POLKA DOT,12,2011-04-05 09:17:00,1.82,12475,United Kingdom
536025,22632,HAND WARMER RED POLKA DOT,4,2010-12-15 15:54:00,1.87,12363,Germany
536025,84029E,RED WOOLLY HOTTIE WHITE HEART,24,2011-09-11 08:33:00,3.26,12416,United Kingdom
536019,21258,VICTORIAN SEWING BOX LARGE,5,2011-10-27 19:31:00,10.43,12301,United Kingdom
536026,22086,PAPER CHAIN KIT 50'S CHRISTMAS,5,2011-11-05 17:23:00,2.6,12435,Italy
536026,22633,HAND WARMER UNION JACK,4,2011-11-25 15:17:00,1.81,12197,United Kingdom
536040,22086,PAPER CHAIN KIT 50'S CHRISTMAS,5,2011-03-09 11:47:00,2.66,12537,United Kingdom
536040,22961,JAM MAKING SET PRINTED,2,2011-05-01 11:23:00,1.38,12546,United Kingdom
536082,85123A,WHITE HANGING HEART T-LIGHT HOLDER,24,2011-09-10 12:44:00,2.63,12502,United Kingdom
536027,85123A,WHITE HANGING HEART T-LIGHT HOLDER,4,2011-07-29 15:28:00,2.74,12258,Norway
536084,21730,GLASS STAR FROSTED T-LIGHT HOLDER,6,2011-06-24 15:04:00,4.42,12155,United Kingdom
536028,22633,HAND WARMER UNION JACK,6,2011-01-13 11:07:00,1.86,12231,France
536021,84029E,RED WOOLLY HOTTIE WHITE HEART,4,2011-05-02 17:27:00,3.49,12101,Norway
536043,71053,WHITE METAL LANTERN,2,2011-04-15 18:05:00,3.3,12076,United Kingdom
536022,84029E,RED WOOLLY HOTTIE WHITE HEART,3,2011-04-29 08:14:00,3.35,12464,United Kingdom
536029,84406B,CREAM CUPID HEARTS COAT HANGER,10,2011-10-17 17:42:00,2.68,12117,United Kingdom
536030,22632,HAND WARMER RED POLKA DOT,2,2011-02-11 09:03:00,1.83,12295,United Kingdom
536030,21730,GLASS STAR FROSTED T-LIGHT HOLDER,6,2011-11-24 14:17:00,4.31,12082,United Kingdom
536030,22386,JUMBO BAG PINK POLKADOT,2,2011-10-06 12:01:00,2.1,12021,Italy
536031,22632,HAND WARMER RED POLKA DOT,8,2011-09-22 08:48:00,1.87,12452,Spain
536023,71053,WHITE METAL LANTERN,5,2011-10-22 15:05:00,3.4,12328,United Kingdom
536031,22386,JUMBO BAG PINK POLKADOT,3,2011-06-29 19:31:00,2.09,12037,United Kingdom
536032,84029G,KNITTED UNION FLAG HOT WATER BOTTLE,12,2011-01-29 20:25:00,3.58,12001,United Kingdom
536024,22633,HAND WARMER UNION JACK,4,2010-12-28 11:33:00,1.94,12452,France
536049,71053,WHITE METAL LANTERN,8,2011-04-27 15:56:00,3.27,12245,France
536099,84029G,KNITTED UNION FLAG HOT WATER BOTTLE,3,2011-09-09 14:05:00,3.59,12116,United Kingdom
536050,85123A,WHITE HANGING HEART T-LIGHT HOLDER,6,2011-08-13 19:18:00,2.51,12494,Italy
536050,84406B,CREAM CUPID HEARTS COAT HANGER,6,2011-06-15 11:58:00,2.88,12139,Netherlands
536025,84029G,KNITTED UNION FLAG HOT WATER BOTTLE,3,2011-05-24 20:32:00,3.22,12305,Germany
536025,22633,HAND WARMER UNION JACK,5,2011-02-15 15:34:00,1.84,12386,United Kingdom
536052,84029G,KNITTED UNION FLAG HOT WATER BOTTLE,4,2011-11-23 11:36:00,3.6,12420,United Kingdom
536026,22086,PAPER CHAIN KIT 50'S CHRISTMAS,10,2011-06-16 18:50:00,2.75,12507,Portugal
536035,71053,WHITE METAL LANTERN,6,2011-01-21 15:06:00,3.42,12147,United Kingdom
536053,22632,HAND WARMER RED POLKA DOT,36,2011-01-08 15:50:00,1.84,12407,United Kingdom
536027,22114,HOT WATER BOTTLE TEA AND SYMPATHY,12,2011-05-12 18:45:00,3.5,12036,United Kingdom
536036,84406B,CREAM CUPID HEARTS COAT HANGER,5,2011-03-27 19:05:00,2.65,12102,United Kingdom
536110,22086,PAPER CHAIN KIT 50'S CHRISTMAS,1,2010-12-24 13:50:00,2.54,12441,United Kingdom
536055,22633,HAND WARMER UNION JACK,6,2011-02-26 10:05:00,1.85,12246,United Kingdom
536056,22633,HAND WARMER UNION JACK,5,2011-07-25 18:16:00,1.92,12476,Spain
536056,22086,PAPER CHAIN KIT 50'S CHRISTMAS,48,2011-01-07 15:22:00,2.52,12434,United Kingdom
536038,22752,SET 7 BABUSHKA NESTING BOXES,5,2011-03-12 14:54:00,7.5,12367,United Kingdom
536038,22961,JAM MAKING SET PRINTED,3,2010-12-12 18:25:00,1.48,12050,Spain
536038,22086,PAPER CHAIN KIT 50'S CHRISTMAS,4,2011-03-28 17:51:00,2.63,12256,United Kingdom
536058,22086,PAPER CHAIN KIT 50'S CHRISTMAS,6,2011-10-18 09:57:00,2.44,12451,United Kingdom
536059,84029E,RED WOOLLY HOTTIE WHITE HEART,8,2011-01-16 12:20:00,3.3,12135,Germany
536039,22386,JUMBO BAG PINK POLKADOT,3,2011-08-29 16:58:00,1.89,12493,Portugal
536040,84029G,KNITTED UNION FLAG HOT WATER BOTTLE,2,2011-01-28 15:04:00,3.65,12406,Portugal
536040,22114,HOT WATER BOTTLE TEA AND SYMPATHY,1,2011-01-16 20:25:00,3.52,12465,United Kingdom
536040,21258,VICTORIAN SEWING BOX LARGE,6,2011-09-26 14:52:00,10.93,12239,United Kingdom
536041,22632,HAND WARMER RED POLKA DOT,1,2011-10-09 11:41:00,1.96,12309,United Kingdom
536124,85123A,WHITE HANGING HEART T-LIGHT HOLDER,2,2010-12-20 12:31:00,2.5,12138,United Kingdom
536031,84029E,RED WOOLLY HOTTIE WHITE HEART,2,2011-09-27 19:46:00,3.4,12101,Germany
536042,22632,HAND WARMER RED POLKA DOT,3,2010-12-17 19:23:00,1.86,12241,Netherlands
536042,85123A,WHITE HANGING HEART T-LIGHT HOLDER,1,2011-09-05 18:22:00,2.51,12125,Norway
536128,22114,HOT WATER BOTTLE TEA AND SYMPATHY,6,2011-11-05 11:41:00,3.71,12051,Germany
536064,84406B,CREAM CUPID HEARTS COAT HANGER,10,2011-09-16 11:04:00,2.81,12221,Germany
536065,84406B,CREAM CUPID HEARTS COAT HANGER,12,2011-10-02 08:17:00,2.66,12133,United Kingdom
536131,22114,HOT WATER BOTTLE TEA AND SYMPATHY,1,2011-11-04 08:08:00,3.63,12243,United Kingdom
536044,85123A,WHITE HANGING HEART T-LIGHT HOLDER,5,2010-12-27 10:47:00,2.46,12065,United Kingdom
536133,21258,VICTORIAN SEWING BOX LARGE,24,2011-07-20 16:14:00,10.46,12533,United Kingdom
536134,22632,HAND WARMER RED POLKA DOT,5,2011-01-01 15:54:00,1.92,12502,France
536135,22752,SET 7 BABUSHKA NESTING BOXES,1,2011-05-14 17:09:00,7.54,12332,United Kingdom
536045,22632,HAND WARMER RED POLKA DOT,5,2011-07-21 16:38:00,1.95,12117,Netherlands
536068,22632,HAND WARMER RED POLKA DOT,3,2011-07-09 15:56:00,1.84,12464,United Kingdom
536046,22086,PAPER CHAIN KIT 50'S CHRISTMAS,3,2011-07-07 13:42:00,2.74,12485,United Kingdom
536139,22114,HOT WATER BOTTLE TEA AND SYMPATHY,8,2011-07-10 09:47:00,3.64,12061,United Kingdom
536046,22633,HAND WARMER UNION JACK,4,2011-11-09 09:26:00,1.92,12433,Netherlands
536047,22086,PAPER CHAIN KIT 50'S CHRISTMAS,2,2011-10-04 12:22:00,2.59,12158,United Kingdom
536142,84406B,CREAM CUPID HEARTS COAT HANGER,2,2011-05-29 16:23:00,2.71,12231,Germany
536143,22114,HOT WATER BOTTLE TEA AND SYMPATHY,8,2011-10-08 18:53:00,3.29,12279,France
536048,84029G,KNITTED UNION FLAG HOT WATER BOTTLE,12,2011-05-29 08:11:00,3.47,12410,United Kingdom
536145,22086,PAPER CHAIN KIT 50'S CHRISTMAS,3,2011-01-16 19:33:00,2.56,12349,United Kingdom
536048,84029G,KNITTED UNION FLAG HOT WATER BOTTLE,12,2011-09-17 17:05:00,3.29,12050,United Kingdom
536036,84029G,KNITTED UNION FLAG HOT WATER BOTTLE,5,2011-08-06 17:28:00,3.32,12524,United Kingdom
536049,22752,SET 7 BABUSHKA NESTING BOXES,5,2011-11-13 18:37:00,7.93,12046,United Kingdom
536149,22961,JAM MAKING SET PRINTED,24,2010-12-04 11:19:00,1.52,12261,United Kingdom
536037,71053,WHITE METAL LANTERN,4,2011-07-09 10:08:00,3.53,12512,United Kingdom
536050,22632,HAND WARMER RED POLKA DOT,8,2011-01-06 14:55:00,1.86,12470,Belgium
536038,22386,JUMBO BAG PINK POLKADOT,6,2011-09-20 14:45:00,1.93,12414,United Kingdom
536038,84029G,KNITTED UNION FLAG HOT WATER BOTTLE,5,2011-11-19 13:05:00,3.27,12446,United Kingdom
536038,22633,HAND WARMER UNION JACK,3,2011-05-08 19:21:00,1.94,12078,United Kingdom
536077,85123A,WHITE HANGING HEART T-LIGHT HOLDER,24,2011-05-28 13:46:00,2.64,12151,United Kingdom
536078,71053,WHITE METAL LANTERN,8,2011-02-27 17:09:00,3.51,12181,Norway
536039,22632,HAND WARMER RED POLKA DOT,5,2011-09-15 20:37:00,1.98,12330,Netherlands
536079,22632,HAND WARMER RED POLKA DOT,5,2011-07-14 09:30:00,1.83,12281,United Kingdom
536159,84029E,RED WOOLLY HOTTIE WHITE HEART,1,2011-05-08 15:28:00,3.38,12293,United Kingdom
536160,22386,JUMBO BAG PINK POLKADOT,4,2011-10-11 17:32:00,2.0,12042,United Kingdom
536080,22114,HOT WATER BOTTLE TEA AND SYMPATHY,6,2011-05-14 17:30:00,3.71,12461,United Kingdom
536054,22386,JUMBO BAG PINK POLKADOT,6,2011-12-01 09:32:00,1.86,12448,Italy
536081,22633,HAND WARMER UNION JACK,3,2011-06-05 13:58:00,1.86,12346,United Kingdom
536054,85123A,WHITE HANGING HEART T-LIGHT HOLDER,6,2011-01-03 13:06:00,2.55,12258,France
536082,22632,HAND WARMER RED POLKA DOT,6,2011-05-20 09:37:00,1.98,12317,Portugal
536041,22086,PAPER CHAIN KIT 50'S CHRISTMAS,24,2011-02-05 17:45:00,2.53,12385,United Kingdom
536083,84029G,KNITTED UNION FLAG HOT WATER BOTTLE,24,2011-11-09 19:53:00,3.66,12539,United Kingdom
536056,22632,HAND WARMER RED POLKA DOT,2,2010-12-10 13:19:00,1.81,12497,United Kingdom
536084,22961,JAM MAKING SET PRINTED,10,2011-01-09 12:54:00,1.47,12539,United Kingdom
536085,84029E,RED WOOLLY HOTTIE WHITE HEART,2,2011-10-02 14:09:00,3.59,12169,France
536057,85123A,WHITE HANGING HEART T-LIGHT HOLDER,36,2011-11-12 19:15:00,2.62,12459,United Kingdom
536043,84406B,CREAM CUPID HEARTS COAT HANGER,24,2011-03-10 13:43:00,2.96,12472,France
536043,21258,VICTORIAN SEWING BOX LARGE,6,2011-02-21 11:51:00,11.65,12053,United Kingdom
536174,22386,JUMBO BAG PINK POLKADOT,2,2011-11-30 16:54:00,1.87,12164,United Kingdom
536087,22386,JUMBO BAG PINK POLKADOT,3,2011-07-12 09:58:00,1.97,12357,Belgium
536044,22752,SET 7 BABUSHKA NESTING BOXES,4,2011-08-15 13:15:00,7.35,12229,United Kingdom
536059,85099C,JUMBO BAG BAROQUE BLACK WHITE,3,2011-02-13 10:02:00,2.06,12142,France
536178,21730,GLASS STAR FROSTED T-LIGHT HOLDER,3,2011-01-10 08:16:00,4.12,12540,United Kingdom
536089,21258,VICTORIAN SEWING BOX LARGE,3,2011-05-04 09:03:00,11.31,12468,United Kingdom
536045,22114,HOT WATER BOTTLE TEA AND SYMPATHY,6,2011-10-02 16:01:00,3.54,12147,United Kingdom
536060,85123A,WHITE HANGING HEART T-LIGHT HOLDER,2,2011-04-03 17:26:00,2.64,12536,Portugal
536182,85123A,WHITE HANGING HEART T-LIGHT HOLDER,6,2011-06-18 15:02:00,2.75,12259,France
536183,84029E,RED WOOLLY HOTTIE WHITE HEART,6,2011-05-26 11:46:00,3.27,12340,United Kingdom
536061,84029E,RED WOOLLY HOTTIE WHITE HEART,10,2011-10-26 10:53:00,3.43,12490,United Kingdom
536185,22114,HOT WATER BOTTLE TEA AND SYMPATHY,3,2011-07-23 08:18:00,3.63,12042,United Kingdom
536046,84029G,KNITTED UNION FLAG HOT WATER BOTTLE,1,2011-09-05 15:16:00,3.51,12292,United Kingdom
536062,21258,VICTORIAN SEWING BOX LARGE,4,2011-04-19 09:51:00,11.67,12450,Spain
536094,84029E,RED WOOLLY HOTTIE WHITE HEART,4,2011-08-12 19:31:00,3.57,12273,Germany
536189,22086,PAPER CHAIN KIT 50'S CHRISTMAS,2,2011-07-09 17:52:00,2.52,12105,United Kingdom
536063,22632,HAND WARMER RED POLKA DOT,5,2011-07-17 17:45:00,1.92,12359,United Kingdom
536063,22086,PAPER CHAIN KIT 50'S CHRISTMAS,6,2011-10-11 14:17:00,2.68,12058,United Kingdom
536064,22632,HAND WARMER RED POLKA DOT,8,2011-08-20 20:47:00,1.99,12146,Germany
536048,22086,PAPER CHAIN KIT 50'S CHRISTMAS,3,2010-12-18 10:04:00,2.64,12370,United Kingdom
536097,22633,HAND WARMER UNION JACK,4,2011-11-13 15:23:00,1.94,12140,United Kingdom
536065,84029E,RED WOOLLY HOTTIE WHITE HEART,8,2011-04-07 09:01:00,3.44,12396,Spain
536065,85123A,WHITE HANGING HEART T-LIGHT HOLDER,48,2011-11-26 15:13:00,2.52,12502,United Kingdom
536197,71053,WHITE METAL LANTERN,8,2011-07-20 10:57:00,3.66,12327,United Kingdom
536066,22086,PAPER CHAIN KIT 50'S CHRISTMAS,8,2011-05-03 10:45:00,2.65,12178,Germany
536199,21730,GLASS STAR FROSTED T-LIGHT HOLDER,3,2011-03-13 20:08:00,4.31,12369,United Kingdom
536100,84029E,RED WOOLLY HOTTIE WHITE HEART,4,2011-10-10 09:04:00,3.66,12490,United Kingdom
536201,21258,VICTORIAN SEWING BOX LARGE,1,2011-02-03 13:41:00,11.07,12529,United Kingdom
536101,22386,JUMBO BAG PINK POLKADOT,12,2011-02-05 14:32:00,1.87,12127,United Kingdom
536101,84029G,KNITTED UNION FLAG HOT WATER BOTTLE,4,2011-05-15 19:14:00,3.64,12290,Germany
536068,84406B,CREAM CUPID HEARTS COAT HANGER,6,2011-02-03 18:19:00,2.65,12172,United Kingdom
536102,22633,HAND WARMER UNION JACK,12,2011-11-03 17:46:00,1.84,12042,Germany
536206,85123A,WHITE HANGING HEART T-LIGHT HOLDER,3,2011-10-25 20:36:00,2.49,12426,United Kingdom
536069,85123A,WHITE HANGING HEART T-LIGHT HOLDER,3,2011-10-25 12:30:00,2.69,12415,United Kingdom
536208,85123A,WHITE HANGING HEART T-LIGHT HOLDER,5,2011-02-19 15:26:00,2.49,12147,United Kingdom
536069,22086,PAPER CHAIN KIT 50'S CHRISTMAS,4,2011-06-23 10:48:00,2.61,12326,United Kingdom
536052,71053,WHITE METAL LANTERN,1,2011-04-06 10:06:00,3.64,12428,United Kingdom
536105,22386,JUMBO BAG PINK POLKADOT,4,2011-05-17 17:46:00,2.05,12510,Italy
536070,21730,GLASS STAR FROSTED T-LIGHT HOLDER,24,2011-08-12 08:05:00,4.32,12246,United Kingdom
536213,84029E,RED WOOLLY HOTTIE WHITE HEART,12,2011-04-24 15:38:00,3.51,12481,United Kingdom
536214,85123A,WHITE HANGING HEART T-LIGHT HOLDER,3,2011-07-09 10:56:00,2.54,12412,United Kingdom
536107,84029E,RED WOOLLY HOTTIE WHITE HEART,1,2011-06-04 16:18:00,3.44,12286,Germany
536216,22632,HAND WARMER RED POLKA DOT,4,2011-02-04 09:25:00,1.99,12374,France
536054,71053,WHITE METAL LANTERN,1,2011-08-14 08:02:00,3.53,12485,United Kingdom
536109,71053,WHITE METAL LANTERN,2,2011-05-17 17:20:00,3.66,12306,United Kingdom
536054,21730,GLASS STAR FROSTED T-LIGHT HOLDER,5,2011-11-28 17:19:00,4.05,12339,United Kingdom
536073,22961,JAM MAKING SET PRINTED,6,2011-11-18 18:01:00,1.43,12233,France
536110,22633,HAND WARMER UNION JACK,6,2011-08-26 18:46:00,1.96,12151,Germany
536222,84406B,CREAM CUPID HEARTS COAT HANGER,4,2011-03-08 08:28:00,2.67,12208,United Kingdom
536055,21258,VICTORIAN SEWING BOX LARGE,6,2011-01-01 19:08:00,11.2,12489,United Kingdom
536112,84029G,KNITTED UNION FLAG HOT WATER BOTTLE,6,2011-07-24 16:21:00,3.52,12270,United Kingdom
536112,71053,WHITE METAL LANTERN,3,2011-04-22 16:19:00,3.65,12304,France
536056,22086,PAPER CHAIN KIT 50'S CHRISTMAS,6,2011-05-12 15:22:00,2.73,12280,United Kingdom
536056,22633,HAND WARMER UNION JACK,10,2011-06-21 13:49:00,1.83,12294,Norway
536057,85123A,WHITE HANGING HEART T-LIGHT HOLDER,5,2011-11-01 12:47:00,2.49,12277,Belgium
536114,22086,PAPER CHAIN KIT 50'S CHRISTMAS,6,2011-01-25 17:47:00,2.5,12543,United Kingdom
536230,84406B,CREAM CUPID HEARTS COAT HANGER,5,2011-06-30 13:45:00,2.86,12140,United Kingdom
536115,22633,HAND WARMER UNION JACK,12,2011-06-27 18:59:00,1.87,12204,France
536077,84029G,KNITTED UNION FLAG HOT WATER BOTTLE,10,2011-10-27 08:58:00,3.51,12237,United Kingdom
536233,22086,PAPER CHAIN KIT 50'S CHRISTMAS,10,2011-02-28 14:56:00,2.73,12037,Italy
536058,84029E,RED WOOLLY HOTTIE WHITE HEART,24,2011-03-06 19:55:00,3.61,12009,United Kingdom
536078,22632,HAND WARMER RED POLKA DOT,6,2011-04-25 15:41:00,1.88,12137,Netherlands
536118,21730,GLASS STAR FROSTED T-LIGHT HOLDER,8,2011-01-27 13:10:00,4.4,12190,United Kingdom
536079,84029E,RED WOOLLY HOTTIE WHITE HEART,2,2011-09-17 18:48:00,3.49,12415,Germany
536238,22633,HAND WARMER UNION JACK,2,2011-06-24 18:06:00,1.79,12331,Belgium
536059,85123A,WHITE HANGING HEART T-LIGHT HOLDER,3,2011-03-31 15:48:00,2.53,12011,United Kingdom
536120,84029E,RED WOOLLY HOTTIE WHITE HEART,5,2011-01-01 18:07:00,3.29,12514,Belgium
536080,22386,JUMBO BAG PINK POLKADOT,12,2011-11-19 09:40:00,1.93,12226,United Kingdom
536121,71053,WHITE METAL LANTERN,4,2011-07-21 19:38:00,3.53,12482,France
536121,22114,HOT WATER BOTTLE TEA AND SYMPATHY,6,2011-04-06 18:48:00,3.63,12538,United Kingdom
536244,22086,PAPER CHAIN KIT 50'S CHRISTMAS,10,2011-09-15 09:03:00,2.72,12207,United Kingdom
536081,71053,WHITE METAL LANTERN,8,2011-08-24 15:07:00,3.54,12500,United Kingdom
536246,22633,HAND WARMER UNION JACK,5,2011-07-21 10:32:00,1.89,12473,United Kingdom
536247,84029G,KNITTED UNION FLAG HOT WATER BOTTLE,1,2011-06-21 12:52:00,3.32,12074,United Kingdom
536248,84029E,RED WOOLLY HOTTIE WHITE HEART,12,2011-09-04 08:59:00,3.66,12483,United Kingdom
536124,84029E,RED WOOLLY HOTTIE WHITE HEART,36,2011-10-25 19:41:00,3.39,12391,United Kingdom
536062,22386,JUMBO BAG PINK POLKADOT,36,2011-06-11 09:43:00,2.07,12136,United Kingdom
536125,84029E,RED WOOLLY HOTTIE WHITE HEART,2,2011-09-02 14:33:00,3.65,12003,France
536063,22961,JAM MAKING SET PRINTED,5,2011-11-10 19:34:00,1.45,12235,United Kingdom
536084,84029E,RED WOOLLY HOTTIE WHITE HEART,2,2011-03-07 19:48:00,3.58,12429,United Kingdom
536254,85099C,JUMBO BAG BAROQUE BLACK WHITE,2,2011-04-03 11:04:00,1.86,12049,United Kingdom
536063,85123A,WHITE HANGING HEART T-LIGHT HOLDER,8,2011-03-30 16:13:00,2.68,12143,United Kingdom
536085,84029G,KNITTED UNION FLAG HOT WATER BOTTLE,8,2011-09-22 17:49:00,3.36,12309,Netherlands
536128,22961,JAM MAKING SET PRINTED,1,2011-06-30 12:17:00,1.56,12179,United Kingdom
536064,22752,SET 7 BABUSHKA NESTING BOXES,8,2010-12-25 13:41:00,8.05,12326,United Kingdom
536086,84029E,RED WOOLLY HOTTIE WHITE HEART,6,2011-06-11 10:48:00,3.33,12230,United Kingdom
536065,22086,PAPER CHAIN KIT 50'S CHRISTMAS,36,2010-12-30 16:26:00,2.61,12137,United Kingdom
536087,84406B,CREAM CUPID HEARTS COAT HANGER,5,2011-10-28 09:59:00,2.75,12548,France
536087,71053,WHITE METAL LANTERN,6,2011-06-12 18:38:00,3.61,12192,Germany
536131,22633,HAND WARMER UNION JACK,12,2011-08-03 11:55:00,1.83,12015,United Kingdom
536264,71053,WHITE METAL LANTERN,6,2011-08-03 11:44:00,3.31,12245,United Kingdom
536066,21258,VICTORIAN SEWING BOX LARGE,4,2011-07-27 16:41:00,10.77,12525,Netherlands
536066,21730,GLASS STAR FROSTED T-LIGHT HOLDER,4,2011-05-13 11:23:00,4.06,12226,France
536066,85123A,WHITE HANGING HEART T-LIGHT HOLDER,4,2011-05-01 10:12:00,2.55,12251,United Kingdom
536089,22632,HAND WARMER RED POLKA DOT,5,2011-04-11 20:52:00,1.93,12502,United Kingdom
536089,22086,PAPER CHAIN KIT 50'S CHRISTMAS,6,2011-02-25 10:46:00,2.48,12060,United Kingdom
536270,22114,HOT WATER BOTTLE TEA AND SYMPATHY,1,2011-11-08 08:48:00,3.34,12236,United Kingdom
536135,71053,WHITE METAL LANTERN,1,2011-08-16 15:23:00,3.5,12494,United Kingdom
536068,85123A,WHITE HANGING HEART T-LIGHT HOLDER,8,2010-12-07 08:33:00,2.6,12293,United Kingdom
536068,22114,HOT WATER BOTTLE TEA AND SYMPATHY,2,2011-03-02 09:58:00,3.34,12196,United Kingdom
536091,84406B,CREAM CUPID HEARTS COAT HANGER,2,2011-04-16 20:25:00,2.96,12470,United Kingdom
536137,22961,JAM MAKING SET PRINTED,12,2011-05-03 18:52:00,1.5,12032,United Kingdom
536069,84029E,RED WOOLLY HOTTIE WHITE HEART,8,2010-12-29 18:00:00,3.26,12444,United Kingdom
536277,84029G,KNITTED UNION FLAG HOT WATER BOTTLE,3,2011-08-28 08:14:00,3.6,12486,United Kingdom
536092,85099C,JUMBO BAG BAROQUE BLACK WHITE,1,2011-09-05 17:42:00,2.09,12322,United Kingdom
536139,71053,WHITE METAL LANTERN,1,2011-11-30 14:59:00,3.29,12246,United Kingdom
536093,22114,HOT WATER BOTTLE TEA AND SYMPATHY,2,2011-06-15 20:47:00,3.72,12080,United Kingdom
536281,22961,JAM MAKING SET PRINTED,10,2011-01-20 14:14:00,1.44,12406,Portugal
536094,84029G,KNITTED UNION FLAG HOT WATER BOTTLE,4,2011-07-19 15:14:00,3.64,12442,United Kingdom
536070,22633,HAND WARMER UNION JACK,4,2011-01-13 20:39:00,1.82,12075,United Kingdom
536142,71053,WHITE METAL LANTERN,2,2011-06-18 13:23:00,3.22,12315,United Kingdom
536285,21258,VICTORIAN SEWING BOX LARGE,5,2011-02-06 09:11:00,11.2,12524,United Kingdom
536095,85123A,WHITE HANGING HEART T-LIGHT HOLDER,6,2011-09-10 09:38:00,2.53,12394,United Kingdom
536287,22752,SET 7 BABUSHKA NESTING BOXES,6,2011-09-13 11:36:00,7.95,12173,United Kingdom
536072,84029G,KNITTED UNION FLAG HOT WATER BOTTLE,5,2011-02-13 09:10:00,3.41,12495,Germany
536144,84029E,RED WOOLLY HOTTIE WHITE HEART,6,2011-10-17 15:38:00,3.42,12138,United Kingdom
536096,85099C,JUMBO BAG BAROQUE BLACK WHITE,12,2011-10-14 14:51:00,1.96,12440,Germany
536145,22386,JUMBO BAG PINK POLKADOT,24,2011-05-03 13:38:00,1.9,12321,United Kingdom
536097,84029E,RED WOOLLY HOTTIE WHITE HEART,6,2011-04-29 19:44:00,3.65,12248,United Kingdom
536073,84029G,KNITTED UNION FLAG HOT WATER BOTTLE,6,2011-06-05 09:59:00,3.48,12184,United Kingdom
536073,22633,HAND WARMER UNION JACK,10,2011-11-28 11:28:00,1.96,12070,Germany
536073,22114,HOT WATER BOTTLE TEA AND SYMPATHY,6,2011-11-10 15:08:00,3.39,12157,France
536296,22114,HOT WATER BOTTLE TEA AND SYMPATHY,6,2011-07-18 17:30:00,3.52,12428,United Kingdom
536099,22114,HOT WATER BOTTLE TEA AND SYMPATHY,6,2011-11-25 20:34:00,3.69,12111,France
536099,22632,HAND WARMER RED POLKA DOT,1,2011-02-24 18:39:00,1.99,12409,Portugal
536074,84029G,KNITTED UNION FLAG HOT WATER BOTTLE,3,2011-01-24 08:06:00,3.45,12531,United Kingdom
536150,22086,PAPER CHAIN KIT 50'S CHRISTMAS,5,2011-07-17 13:25:00,2.65,12512,United Kingdom
536075,22961,JAM MAKING SET PRINTED,12,2011-01-23 12:26:00,1.39,12145,United Kingdom
536151,84029E,RED WOOLLY HOTTIE WHITE HEART,5,2011-08-24 15:22:00,3.41,12463,United Kingdom
536303,84029G,KNITTED UNION FLAG HOT WATER BOTTLE,2,2010-12-12 13:41:00,3.57,12249,United Kingdom
536101,22633,HAND WARMER UNION JACK,3,2011-09-13 14:29:00,1.85,12188,United Kingdom
536076,22632,HAND WARMER RED POLKA DOT,12,2010-12-15 19:39:00,1.87,12439,United Kingdom
536153,22086,PAPER CHAIN KIT 50'S CHRISTMAS,10,2011-04-22 20:45:00,2.44,12104,Germany
536102,22633,HAND WARMER UNION JACK,2,2011-05-16 11:29:00,1.92,12501,United Kingdom
536077,22632,HAND WARMER RED POLKA DOT,2,2011-10-09 14:37:00,1.84,12468,United Kingdom
536103,22114,HOT WATER BOTTLE TEA AND SYMPATHY,8,2011-10-11 17:05:00,3.42,12244,United Kingdom
536155,71053,WHITE METAL LANTERN,6,2011-08-19 14:26:00,3.47,12433,United Kingdom
536155,22632,HAND WARMER RED POLKA DOT,3,2011-09-11 10:31:00,1.8,12461,United Kingdom
536312,22386,JUMBO BAG PINK POLKADOT,10,2011-08-06 10:12:00,2.1,12517,United Kingdom
536078,22752,SET 7 BABUSHKA NESTING BOXES,5,2011-07-01 19:53:00,7.43,12031,Germany
536314,84406B,CREAM CUPID HEARTS COAT HANGER,3,2011-04-20 11:34:00,2.89,12507,United Kingdom
536315,85123A,WHITE HANGING HEART T-LIGHT HOLDER,10,2011-04-17 20:34:00,2.54,12042,France
536158,22752,SET 7 BABUSHKA NESTING BOXES,10,2011-07-06 09:47:00,8.01,12304,Netherlands
536105,85123A,WHITE HANGING HEART T-LIGHT HOLDER,12,2011-05-28 09:28:00,2.46,12242,United Kingdom
536106,22086,PAPER CHAIN KIT 50'S CHRISTMAS,5,2011-11-29 17:40:00,2.63,12211,Germany
536106,22114,HOT WATER BOTTLE TEA AND SYMPATHY,6,2011-08-30 12:38:00,3.42,12299,United Kingdom
536320,84029G,KNITTED UNION FLAG HOT WATER BOTTLE,5,2011-02-08 20:50:00,3.25,12283,Netherlands
536160,71053,WHITE METAL LANTERN,4,2011-04-07 10:45:00,3.33,12402,United Kingdom
536107,22633,HAND WARMER UNION JACK,5,2011-10-18 14:24:00,1.91,12095,United Kingdom
536107,21258,VICTORIAN SEWING BOX LARGE,6,2011-07-21 15:20:00,11.64,12095,France
536108,22752,SET 7 BABUSHKA NESTING BOXES,5,2011-01-02 20:34:00,8.23,12216,United Kingdom
536108,84029G,KNITTED UNION FLAG HOT WATER BOTTLE,2,2011-05-22 16:36:00,3.6,12351,Spain
536326,21258,VICTORIAN SEWING BOX LARGE,10,2011-01-20 18:50:00,10.43,12161,United Kingdom
536081,85123A,WHITE HANGING HEART T-LIGHT HOLDER,2,2011-03-14 19:58:00,2.64,12162,Netherlands
536328,22386,JUMBO BAG PINK POLKADOT,2,2011-11-01 13:16:00,2.02,12169,United Kingdom
536164,22632,HAND WARMER RED POLKA DOT,8,2011-07-08 18:05:00,1.76,12488,United Kingdom
536082,22632,HAND WARMER RED POLKA DOT,4,2010-12-05 08:44:00,1.79,12432,United Kingdom
536165,21730,GLASS STAR FROSTED T-LIGHT HOLDER,10,2011-06-15 09:46:00,4.09,12376,Netherlands
536166,71053,WHITE METAL LANTERN,1,2011-10-25 18:09:00,3.47,12168,United Kingdom
536166,22086,PAPER CHAIN KIT 50'S CHRISTMAS,5,2011-06-29 17:43:00,2.49,12102,United Kingdom
536083,71053,WHITE METAL LANTERN,10,2011-05-29 14:20:00,3.33,12086,United Kingdom
536111,22632,HAND WARMER RED POLKA DOT,12,2011-11-19 08:54:00,1.97,12210,United Kingdom
536084,22633,HAND WARMER UNION JACK,10,2011-05-01 18:03:00,1.95,12245,United Kingdom
536084,85123A,WHITE HANGING HEART T-LIGHT HOLDER,6,2011-10-23 17:04:00,2.75,12369,Belgium
536084,71053,WHITE METAL LANTERN,2,2011-06-06 16:43:00,3.43,12074,United Kingdom
536113,85123A,WHITE HANGING HEART T-LIGHT HOLDER,1,2011-03-21 08:59:00,2.68,12518,United Kingdom
536085,22086,PAPER CHAIN KIT 50'S CHRISTMAS,2,2011-07-05 19:25:00,2.6,12156,United Kingdom
536170,84029G,KNITTED UNION FLAG HOT WATER BOTTLE,4,2011-02-18 16:20:00,3.5,12067,United Kingdom
536171,22752,SET 7 BABUSHKA NESTING BOXES,24,2010-12-30 11:05:00,7.38,12056,United Kingdom
536171,22086,PAPER CHAIN KIT 50'S CHRISTMAS,2,2011-01-31 08:45:00,2.43,12508,Norway
536114,22633,HAND WARMER UNION JACK,8,2011-02-24 13:08:00,1.97,12120,France
536086,85123A,WHITE HANGING HEART T-LIGHT HOLDER,3,2011-04-19 16:04:00,2.75,12078,United Kingdom
536346,22633,HAND WARMER UNION JACK,4,2011-08-13 17:10:00,1.82,12105,Spain
536347,22086,PAPER CHAIN KIT 50'S CHRISTMAS,1,2011-03-27 19:32:00,2.71,12012,United Kingdom
536087,21730,GLASS STAR FROSTED T-LIGHT HOLDER,24,2011-02-15 10:59:00,4.06,12429,United Kingdom
536116,84406B,CREAM CUPID HEARTS COAT HANGER,4,2011-04-18 09:36:00,2.79,12053,United Kingdom
536350,22114,HOT WATER BOTTLE TEA AND SYMPATHY,5,2011-06-24 09:56:00,3.4,12318,United Kingdom
536351,22633,HAND WARMER UNION JACK,6,2011-06-07 11:18:00,1.83,12248,United Kingdom
536088,22632,HAND WARMER RED POLKA DOT,6,2011-03-11 19:57:00,1.95,12154,United Kingdom
536176,22752,SET 7 BABUSHKA NESTING BOXES,10,2011-09-04 13:40:00,8.14,12343,United Kingdom
536118,22632,HAND WARMER RED POLKA DOT,48,2011-01-23 11:33:00,1.86,12061,Portugal
536118,71053,WHITE METAL LANTERN,3,2011-01-17 08:58:00,3.59,12422,France
536356,84029E,RED WOOLLY HOTTIE WHITE HEART,2,2011-09-24 09:32:00,3.58,12076,United Kingdom
536178,85123A,WHITE HANGING HEART T-LIGHT HOLDER,12,2011-04-01 12:16:00,2.73,12402,France
536119,22086,PAPER CHAIN KIT 50'S CHRISTMAS,1,2011-07-20 12:14:00,2.49,12111,United Kingdom
536089,71053,WHITE METAL LANTERN,6,2011-05-10 14:07:00,3.65,12212,United Kingdom
536360,22752,SET 7 BABUSHKA NESTING BOXES,8,2011-01-16 10:51:00,8.09,12041,United Kingdom
536180,22386,JUMBO BAG PINK POLKADOT,36,2011-01-16 19:15:00,1.95,12050,United Kingdom
536181,84406B,CREAM CUPID HEARTS COAT HANGER,5,2010-12-16 14:54:00,2.88,12255,United Kingdom
536181,85123A,WHITE HANGING HEART T-LIGHT HOLDER,10,2011-02-01 08:03:00,2.75,12133,United Kingdom
536364,84029E,RED WOOLLY HOTTIE WHITE HEART,12,2011-09-25 17:16:00,3.25,12066,United Kingdom
536182,22632,HAND WARMER RED POLKA DOT,2,2011-01-17 20:21:00,1.98,12051,United Kingdom
536091,22633,HAND WARMER UNION JACK,8,2011-08-12 08:24:00,1.8,12219,Spain
536091,84029G,KNITTED UNION FLAG HOT WATER BOTTLE,6,2011-02-15 08:39:00,3.33,12302,United Kingdom
536092,22386,JUMBO BAG PINK POLKADOT,4,2011-01-01 09:17:00,1.96,12538,United Kingdom
536369,22961,JAM MAKING SET PRINTED,4,2011-06-14 20:45:00,1.48,12496,United Kingdom
536123,22633,HAND WARMER UNION JACK,1,2011-06-17 12:11:00,1.9,12030,Spain
536371,21258,VICTORIAN SEWING BOX LARGE,10,2011-07-30 16:22:00,11.83,12163,United Kingdom
536124,22632,HAND WARMER RED POLKA DOT,8,2011-08-31 20:58:00,1.94,12224,United Kingdom
536093,22961,JAM MAKING SET PRINTED,3,2011-05-31 10:11:00,1.44,12367,Spain
536124,85123A,WHITE HANGING HEART T-LIGHT HOLDER,6,2011-09-17 17:09:00,2.48,12504,United Kingdom
536375,71053,WHITE METAL LANTERN,6,2011-01-16 08:14:00,3.23,12489,United Kingdom
536188,22386,JUMBO BAG PINK POLKADOT,2,2011-02-05 13:45:00,2.06,12331,United Kingdom
536188,71053,WHITE METAL LANTERN,4,2011-01-26 16:55:00,3.25,12405,United Kingdom
536126,84029E,RED WOOLLY HOTTIE WHITE HEART,24,2011-02-08 10:46:00,3.57,12498,United Kingdom
536126,71053,WHITE METAL LANTERN,10,2011-03-25 18:37:00,3.39,12301,United Kingdom
536095,22086,PAPER CHAIN KIT 50'S CHRISTMAS,6,2011-09-17 08:11:00,2.73,12226,United Kingdom
536095,85123A,WHITE HANGING HEART T-LIGHT HOLDER,1,2011-02-11 13:47:00,2.54,12327,United Kingdom
536382,22386,JUMBO BAG PINK POLKADOT,8,2011-11-28 18:40:00,1.94,12011,United Kingdom
536383,84406B,CREAM CUPID HEARTS COAT HANGER,2,2011-05-29 12:50:00,2.61,12395,United Kingdom
536192,22752,SET 7 BABUSHKA NESTING BOXES,4,2011-06-30 15:56:00,7.81,12103,Germany
536192,22114,HOT WATER BOTTLE TEA AND SYMPATHY,10,2011-02-22 15:04:00,3.29,12020,United Kingdom
536386,85099C,JUMBO BAG BAROQUE BLACK WHITE,4,2011-05-25 10:56:00,2.04,12095,United Kingdom
536096,22961,JAM MAKING SET PRINTED,24,2011-11-26 08:27:00,1.41,12444,United Kingdom
536194,85123A,WHITE HANGING HEART T-LIGHT HOLDER,6,2011-03-08 14:44:00,2.73,12271,United Kingdom
536389,84029G,KNITTED UNION FLAG HOT WATER BOTTLE,6,2010-12-26 14:36:00,3.44,12055,United Kingdom
536130,22752,SET 7 BABUSHKA NESTING BOXES,5,2011-11-04 18:38:00,7.36,12211,United Kingdom
536391,84029G,KNITTED UNION FLAG HOT WATER BOTTLE,10,2011-07-31 09:19:00,3.43,12271,United Kingdom
536196,22633,HAND WARMER UNION JACK,2,2011-06-08 14:23:00,1.77,12450,United Kingdom
536131,84406B,CREAM CUPID HEARTS COAT HANGER,8,2011-09-15 08:09:00,2.85,12087,United Kingdom
536098,22114,HOT WATER BOTTLE TEA AND SYMPATHY,1,2011-09-28 11:35:00,3.45,12535,United Kingdom
536098,22633,HAND WARMER UNION JACK,4,2011-09-20 11:30:00,1.85,12035,United Kingdom
536198,22386,JUMBO BAG PINK POLKADOT,2,2011-01-31 20:28:00,2.1,12216,Germany
536099,71053,WHITE METAL LANTERN,3,2011-01-10 18:27:00,3.58,12151,Germany
536398,84406B,CREAM CUPID HEARTS COAT HANGER,5,2011-01-14 14:35:00,2.73,12282,United Kingdom
536399,22386,JUMBO BAG PINK POLKADOT,6,2011-11-24 17:37:00,1.96,12424,United Kingdom
536400,22633,HAND WARMER UNION JACK,2,2011-01-24 17:49:00,1.83,12548,Netherlands
536133,22386,JUMBO BAG PINK POLKADOT,6,2011-06-15 18:31:00,1.97,12176,United Kingdom
536100,71053,WHITE METAL LANTERN,12,2010-12-20 14:56:00,3.52,12050,France
536134,85099C,JUMBO BAG BAROQUE BLACK WHITE,10,2010-12-11 13:52:00,1.93,12503,Netherlands
536202,22086,PAPER CHAIN KIT 50'S CHRISTMAS,5,2011-02-07 12:47:00,2.7,12275,France
536405,22632,HAND WARMER RED POLKA DOT,12,2011-03-07 15:13:00,1.86,12496,France
536406,22386,JUMBO BAG PINK POLKADOT,1,2011-08-21 20:10:00,2.03,12413,United Kingdom
536407,22114,HOT WATER BOTTLE TEA AND SYMPATHY,10,2011-02-27 11:56:00,3.65,12255,United Kingdom
536136,85123A,WHITE HANGING HEART T-LIGHT HOLDER,4,2011-11-26 11:17:00,2.58,12406,United Kingdom
536409,71053,WHITE METAL LANTERN,6,2011-04-03 13:31:00,3.3,12485,United Kingdom
536205,84029E,RED WOOLLY HOTTIE WHITE HEART,8,2011-04-12 19:53:00,3.35,12395,United Kingdom
536205,22114,HOT WATER BOTTLE TEA AND SYMPATHY,8,2011-03-24 18:14:00,3.4,12419,United Kingdom
536412,22386,JUMBO BAG PINK POLKADOT,2,2011-07-31 10:41:00,2.06,12229,United Kingdom
536137,22114,HOT WATER BOTTLE TEA AND SYMPATHY,3,2011-11-30 19:41:00,3.68,12357,United Kingdom
536138,84406B,CREAM CUPID HEARTS COAT HANGER,6,2011-11-12 16:52:00,2.82,12007,United Kingdom
536138,22632,HAND WARMER RED POLKA DOT,6,2011-09-14 18:38:00,1.83,12110,United Kingdom
536138,84029G,KNITTED UNION FLAG HOT WATER BOTTLE,3,2011-10-24 13:55:00,3.51,12305,United Kingdom
536208,22633,HAND WARMER UNION JACK,10,2010-12-30 20:54:00,1.9,12327,United Kingdom
536104,22086,PAPER CHAIN KIT 50'S CHRISTMAS,5,2011-05-01 12:58:00,2.55,12036,United Kingdom
536209,22961,JAM MAKING SET PRINTED,3,2011-05-25 19:45:00,1.48,12487,Spain
536140,22632,HAND WARMER RED POLKA DOT,6,2011-02-26 18:56:00,1.83,12482,United Kingdom
536210,84406B,CREAM CUPID HEARTS COAT HANGER,2,2011-11-14 13:41:00,2.74,12314,United Kingdom
536140,22386,JUMBO BAG PINK POLKADOT,5,2011-04-13 17:18:00,1.88,12054,Netherlands
536423,22633,HAND WARMER UNION JACK,2,2011-07-30 11:32:00,1.92,12542,United Kingdom
536212,85123A,WHITE HANGING HEART T-LIGHT HOLDER,5,2011-02-09 11:21:00,2.61,12468,United Kingdom
536212,22386,JUMBO BAG PINK POLKADOT,6,2011-01-11 15:21:00,1.9,12059,United Kingdom
536213,84029G,KNITTED UNION FLAG HOT WATER BOTTLE,5,2011-09-22 20:10:00,3.56,12090,United Kingdom
536106,22752,SET 7 BABUSHKA NESTING BOXES,4,2011-06-25 14:30:00,7.31,12204,France
536142,85099C,JUMBO BAG BAROQUE BLACK WHITE,8,2011-08-29 11:01:00,2.01,12254,United Kingdom
536143,22386,JUMBO BAG PINK POLKADOT,6,2011-02-05 09:24:00,1.93,12066,Germany
536143,84029G,KNITTED UNION FLAG HOT WATER BOTTLE,6,2011-07-22 19:33:00,3.37,12137,United Kingdom
536143,22386,JUMBO BAG PINK POLKADOT,12,2011-03-07 10:58:00,1.95,12233,United Kingdom
536216,22961,JAM MAKING SET PRINTED,2,2010-12-12 17:32:00,1.45,12038,United Kingdom
536433,22632,HAND WARMER RED POLKA DOT,2,2011-10-01 08:42:00,1.96,12049,United Kingdom
536108,22752,SET 7 BABUSHKA NESTING BOXES,5,2011-02-02 16:16:00,7.42,12009,United Kingdom
536145,22632,HAND WARMER RED POLKA DOT,2,2011-10-15 17:44:00,1.96,12107,United Kingdom
536145,22632,HAND WARMER RED POLKA DOT,6,2011-01-28 20:06:00,1.9,12269,Germany
536145,22961,JAM MAKING SET PRINTED,2,2011-11-26 14:18:00,1.48,12212,United Kingdom
536219,21730,GLASS STAR FROSTED T-LIGHT HOLDER,2,2010-12-02 08:42:00,4.1,12505,United Kingdom
536439,85123A,WHITE HANGING HEART T-LIGHT HOLDER,3,2011-01-21 12:41:00,2.75,12303,United Kingdom
536220,85123A,WHITE HANGING HEART T-LIGHT HOLDER,10,2010-12-21 12:23:00,2.53,12118,United Kingdom
536441,21258,VICTORIAN SEWING BOX LARGE,6,2010-12-05 10:42:00,10.87,12448,Norway
536442,84029G,KNITTED UNION FLAG HOT WATER BOTTLE,2,2011-06-09 13:11:00,3.4,12467,United Kingdom
536110,84029E,RED WOOLLY HOTTIE WHITE HEART,10,2011-07-04 18:56:00,3.27,12060,Italy
536444,22114,HOT WATER BOTTLE TEA AND SYMPATHY,10,2011-07-02 17:30:00,3.58,12185,United Kingdom
536445,21258,VICTORIAN SEWING BOX LARGE,2,2011-11-16 19:57:00,11.71,12115,Netherlands
536446,22752,SET 7 BABUSHKA NESTING BOXES,1,2011-04-13 18:20:00,8.13,12537,France
536223,22633,HAND WARMER UNION JACK,6,2011-11-08 13:33:00,1.93,12097,United Kingdom
536112,22086,PAPER CHAIN KIT 50'S CHRISTMAS,6,2011-05-27 18:43:00,2.47,12055,United Kingdom
536112,85099C,JUMBO BAG BAROQUE BLACK WHITE,8,2011-08-11 10:04:00,1.93,12338,Portugal
536225,85123A,WHITE HANGING HEART T-LIGHT HOLDER,5,2011-09-08 18:24:00,2.5,12470,United Kingdom
536451,22633,HAND WARMER UNION JACK,2,2011-08-13 15:20:00,1.88,12018,United Kingdom
536452,22752,SET 7 BABUSHKA NESTING BOXES,36,2011-01-16 20:38:00,7.9,12520,United Kingdom
536113,22632,HAND WARMER RED POLKA DOT,1,2011-05-24 13:52:00,1.81,12465,United Kingdom
536113,21258,VICTORIAN SEWING BOX LARGE,5,2011-11-02 13:45:00,10.54,12227,United Kingdom
536151,84029E,RED WOOLLY HOTTIE WHITE HEART,8,2011-09-07 16:23:00,3.24,12168,United Kingdom
536114,22114,HOT WATER BOTTLE TEA AND SYMPATHY,2,2011-01-24 12:39:00,3.33,12402,United Kingdom
536228,22114,HOT WATER BOTTLE TEA AND SYMPATHY,5,2011-05-23 09:48:00,3.69,12126,France
536229,22752,SET 7 BABUSHKA NESTING BOXES,8,2011-08-13 08:33:00,7.82,12443,Germany
536229,21730,GLASS STAR FROSTED T-LIGHT HOLDER,8,2011-11-20 17:11:00,4.11,12396,United Kingdom
536153,22632,HAND WARMER RED POLKA DOT,36,2011-08-16 14:26:00,1.98,12254,United Kingdom
536153,85099C,JUMBO BAG BAROQUE BLACK WHITE,2,2011-07-20 20:08:00,2.01,12524,United Kingdom
536154,22086,PAPER CHAIN KIT 50'S CHRISTMAS,6,2011-11-30 19:59:00,2.49,12214,United Kingdom
536154,84029G,KNITTED UNION FLAG HOT WATER BOTTLE,6,2011-11-10 10:45:00,3.64,12515,United Kingdom
536464,22632,HAND WARMER RED POLKA DOT,6,2011-05-30 16:30:00,1.98,12427,United Kingdom
536155,22386,JUMBO BAG PINK POLKADOT,6,2011-07-05 20:00:00,1.86,12148,United Kingdom
536155,85123A,WHITE HANGING HEART T-LIGHT HOLDER,3,2011-02-21 12:43:00,2.7,12302,United Kingdom
536155,22633,HAND WARMER UNION JACK,12,2011-07-20 09:39:00,1.94,12229,France
536234,22633,HAND WARMER UNION JACK,10,2011-08-19 20:50:00,1.83,12048,Belgium
536156,84029E,RED WOOLLY HOTTIE WHITE HEART,8,2011-09-09 08:00:00,3.31,12453,Germany
536156,22386,JUMBO BAG PINK POLKADOT,6,2011-09-28 16:47:00,2.05,12198,United Kingdom
536471,71053,WHITE METAL LANTERN,6,2011-03-06 10:47:00,3.39,12438,United Kingdom
536236,84029G,KNITTED UNION FLAG HOT WATER BOTTLE,4,2011-09-26 12:00:00,3.53,12158,United Kingdom
536473,85099C,JUMBO BAG BAROQUE BLACK WHITE,6,2011-10-17 17:53:00,1.98,12366,United Kingdom
536237,22086,PAPER CHAIN KIT 50'S CHRISTMAS,10,2011-03-05 16:04:00,2.48,12549,United Kingdom
536237,84029E,RED WOOLLY HOTTIE WHITE HEART,4,2011-11-05 13:21:00,3.32,12543,United Kingdom
536476,22633,HAND WARMER UNION JACK,5,2011-01-28 18:22:00,1.98,12249,Norway
536159,22086,PAPER CHAIN KIT 50'S CHRISTMAS,4,2011-06-14 20:07:00,2.6,12289,United Kingdom
536159,22633,HAND WARMER UNION JACK,5,2011-08-21 20:32:00,1.77,12197,United Kingdom
536479,85123A,WHITE HANGING HEART T-LIGHT HOLDER,6,2011-02-24 20:34:00,2.63,12215,United Kingdom
536120,21258,VICTORIAN SEWING BOX LARGE,10,2011-01-23 11:34:00,11.65,12445,United Kingdom
536240,85099C,JUMBO BAG BAROQUE BLACK WHITE,4,2010-12-13 15:45:00,1.87,12055,United Kingdom
536482,84406B,CREAM CUPID HEARTS COAT HANGER,3,2011-09-21 11:58:00,2.75,12414,United Kingdom
536483,85123A,WHITE HANGING HEART T-LIGHT HOLDER,8,2011-08-31 08:41:00,2.44,12046,France
536484,85123A,WHITE HANGING HEART T-LIGHT HOLDER,4,2011-04-28 20:43:00,2.45,12448,United Kingdom
536485,22114,HOT WATER BOTTLE TEA AND SYMPATHY,3,2011-07-31 10:34:00,3.61,12302,Portugal
536162,71053,WHITE METAL LANTERN,6,2010-12-06 16:55:00,3.27,12005,United Kingdom
536487,84029E,RED WOOLLY HOTTIE WHITE HEART,8,2011-05-06 11:47:00,3.54,12216,United Kingdom
536244,22632,HAND WARMER RED POLKA DOT,6,2011-02-21 10:14:00,1.82,12117,United Kingdom
536489,22114,HOT WATER BOTTLE TEA AND SYMPATHY,6,2011-09-08 15:41:00,3.41,12068,United Kingdom
536122,71053,WHITE METAL LANTERN,8,2011-05-19 13:08:00,3.32,12291,United Kingdom
536163,22386,JUMBO BAG PINK POLKADOT,6,2011-08-06 15:21:00,1.93,12156,United Kingdom
536164,84029E,RED WOOLLY HOTTIE WHITE HEART,4,2011-07-08 10:00:00,3.57,12446,United Kingdom
536164,84029E,RED WOOLLY HOTTIE WHITE HEART,4,2011-08-03 15:28:00,3.36,12111,United Kingdom
536164,22632,HAND WARMER RED POLKA DOT,3,2011-02-10 16:12:00,1.97,12078,France
536495,22386,JUMBO BAG PINK POLKADOT,10,2011-09-24 17:25:00,1.91,12037,United Kingdom
536124,22633,HAND WARMER UNION JACK,4,2011-10-31 20:09:00,1.81,12297,United Kingdom
536497,21730,GLASS STAR FROSTED T-LIGHT HOLDER,1,2011-06-22 13:32:00,4.17,12169,France
536249,71053,WHITE METAL LANTERN,6,2011-03-02 17:36:00,3.65,12495,Belgium
536124,85123A,WHITE HANGING HEART T-LIGHT HOLDER,4,2011-03-29 09:16:00,2.44,12211,United Kingdom
536125,22114,HOT WATER BOTTLE TEA AND SYMPATHY,1,2011-07-29 15:56:00,3.72,12331,United Kingdom
536167,22961,JAM MAKING SET PRINTED,6,2011-04-14 17:34:00,1.45,12387,United Kingdom
536502,22632,HAND WARMER RED POLKA DOT,36,2011-08-22 12:24:00,1.81,12415,United Kingdom
536125,22386,JUMBO BAG PINK POLKADOT,6,2011-08-04 17:00:00,1.89,12169,United Kingdom
536168,22633,HAND WARMER UNION JACK,2,2011-03-19 10:11:00,1.9,12121,United Kingdom
536168,22752,SET 7 BABUSHKA NESTING BOXES,5,2011-01-28 15:43:00,7.48,12165,United Kingdom
536253,22752,SET 7 BABUSHKA NESTING BOXES,6,2010-12-23 10:36:00,7.4,12524,United Kingdom
536507,22633,HAND WARMER UNION JACK,2,2011-02-24 12:59:00,1.99,12019,Netherlands
536169,22086,PAPER CHAIN KIT 50'S CHRISTMAS,6,2011-01-13 11:28:00,2.58,12493,United Kingdom
536254,22114,HOT WATER BOTTLE TEA AND SYMPATHY,6,2011-09-25 20:11:00,3.51,12171,France
536127,84029E,RED WOOLLY HOTTIE WHITE HEART,3,2011-10-02 17:04:00,3.39,12111,United Kingdom
536127,22633,HAND WARMER UNION JACK,2,2011-02-15 17:06:00,1.97,12039,Netherlands
536512,22633,HAND WARMER UNION JACK,2,2011-01-17 15:42:00,1.9,12001,Spain
536128,21258,VICTORIAN SEWING BOX LARGE,12,2011-08-25 14:23:00,11.4,12439,United Kingdom
536128,22114,HOT WATER BOTTLE TEA AND SYMPATHY,8,2011-05-29 17:51:00,3.62,12100,United Kingdom
536257,84406B,CREAM CUPID HEARTS COAT HANGER,12,2011-01-12 12:38:00,2.76,12193,United Kingdom
536516,22086,PAPER CHAIN KIT 50'S CHRISTMAS,6,2011-09-22 16:07:00,2.55,12210,United Kingdom
536172,84029G,KNITTED UNION FLAG HOT WATER BOTTLE,6,2011-01-24 10:27:00,3.33,12548,United Kingdom
536172,84029E,RED WOOLLY HOTTIE WHITE HEART,3,2011-11-14 14:48:00,3.46,12494,United Kingdom
536129,22633,HAND WARMER UNION JACK,4,2011-04-09 12:36:00,1.93,12141,Netherlands
536260,22632,HAND WARMER RED POLKA DOT,24,2011-07-17 20:44:00,1.78,12520,United Kingdom
536521,84029E,RED WOOLLY HOTTIE WHITE HEART,1,2011-02-21 14:40:00,3.26,12148,United Kingdom
536522,22632,HAND WARMER RED POLKA DOT,4,2011-01-02 12:14:00,1.9,12393,Belgium
536174,84029E,RED WOOLLY HOTTIE WHITE HEART,24,2011-11-30 17:03:00,3.58,12506,United Kingdom
536174,71053,WHITE METAL LANTERN,6,2011-03-10 08:50:00,3.45,12237,United Kingdom
536175,22086,PAPER CHAIN KIT 50'S CHRISTMAS,36,2011-04-02 18:00:00,2.45,12282,France
536131,84029E,RED WOOLLY HOTTIE WHITE HEART,6,2011-06-26 17:12:00,3.55,12070,Spain
536175,22633,HAND WARMER UNION JACK,6,2011-05-27 12:14:00,1.8,12413,United Kingdom
536132,84406B,CREAM CUPID HEARTS COAT HANGER,1,2011-08-17 09:35:00,2.72,12119,Germany
536176,85099C,JUMBO BAG BAROQUE BLACK WHITE,6,2011-11-21 15:24:00,2.05,12347,Portugal
536132,22752,SET 7 BABUSHKA NESTING BOXES,2,2011-09-27 08:30:00,7.33,12225,United Kingdom
536177,84406B,CREAM CUPID HEARTS COAT HANGER,6,2011-06-30 13:33:00,2.86,12269,United Kingdom
536177,85123A,WHITE HANGING HEART T-LIGHT HOLDER,2,2011-01-08 16:59:00,2.53,12223,Spain
536266,84029G,KNITTED UNION FLAG HOT WATER BOTTLE,3,2011-08-13 19:12:00,3.33,12271,United Kingdom
536267,71053,WHITE METAL LANTERN,10,2011-10-13 13:09:00,3.27,12080,United Kingdom
536535,22632,HAND WARMER RED POLKA DOT,5,2011-09-04 08:54:00,1.91,12504,Spain
536178,22386,JUMBO BAG PINK POLKADOT,12,2011-08-09 10:48:00,1.92,12227,France
536134,71053,WHITE METAL LANTERN,6,2011-08-02 16:02:00,3.39,12178,United Kingdom
536134,71053,WHITE METAL LANTERN,1,2011-05-11 19:00:00,3.31,12103,United Kingdom
536179,22632,HAND WARMER RED POLKA DOT,3,2011-03-06 16:16:00,1.87,12351,United Kingdom
536270,21730,GLASS STAR FROSTED T-LIGHT HOLDER,4,2011-07-03 19:48:00,4.51,12286,United Kingdom
536270,22633,HAND WARMER UNION JACK,10,2011-01-21 19:17:00,1.89,12390,United Kingdom
536271,22114,HOT WATER BOTTLE TEA AND SYMPATHY,2,2011-07-31 20:00:00,3.5,12529,United Kingdom
536135,84029G,KNITTED UNION FLAG HOT WATER BOTTLE,12,2011-05-03 12:35:00,3.24,12101,United Kingdom
536181,85123A,WHITE HANGING HEART T-LIGHT HOLDER,5,2011-08-01 18:06:00,2.53,12369,United Kingdom
536181,22633,HAND WARMER UNION JACK,2,2011-05-26 08:26:00,1.97,12203,United Kingdom
536273,22632,HAND WARMER RED POLKA DOT,8,2011-04-25 13:20:00,1.87,12457,Netherlands
536182,84029E,RED WOOLLY HOTTIE WHITE HEART,12,2011-07-26 18:09:00,3.5,12345,United Kingdom
536137,22632,HAND WARMER RED POLKA DOT,4,2011-01-06 09:10:00,1.83,12298,France
536137,22632,HAND WARMER RED POLKA DOT,12,2011-04-18 15:49:00,1.84,12533,Portugal
536275,22752,SET 7 BABUSHKA NESTING BOXES,3,2010-12-12 10:46:00,7.52,12081,United Kingdom
536551,84029E,RED WOOLLY HOTTIE WHITE HEART,1,2011-01-02 15:35:00,3.56,12536,France
536184,85123A,WHITE HANGING HEART T-LIGHT HOLDER,6,2011-10-13 10:05:00,2.72,12316,United Kingdom
536138,22086,PAPER CHAIN KIT 50'S CHRISTMAS,6,2011-10-17 10:08:00,2.48,12035,United Kingdom
536184,22386,JUMBO BAG PINK POLKADOT,6,2011-08-01 15:55:00,1.92,12455,United Kingdom
536277,85099C,JUMBO BAG BAROQUE BLACK WHITE,6,2011-09-29 17:29:00,2.01,12445,United Kingdom
536185,22632,HAND WARMER RED POLKA DOT,3,2011-05-27 15:34:00,1.78,12315,United Kingdom
536185,84406B,CREAM CUPID HEARTS COAT HANGER,10,2010-12-06 08:33:00,2.92,12352,United Kingdom
536139,22633,HAND WARMER UNION JACK,10,2011-08-02 12:00:00,1.95,12236,Germany
536279,22633,HAND WARMER UNION JACK,5,2011-06-29 16:27:00,1.8,12399,Germany
536560,84406B,CREAM CUPID HEARTS COAT HANGER,6,2011-07-05 18:15:00,2.9,12278,United Kingdom
536187,22086,PAPER CHAIN KIT 50'S CHRISTMAS,1,2011-06-30 11:54:00,2.47,12113,United Kingdom
536187,22632,HAND WARMER RED POLKA DOT,2,2011-11-24 17:31:00,1.76,12050,Portugal
536563,85123A,WHITE HANGING HEART T-LIGHT HOLDER,8,2011-04-24 12:08:00,2.66,12238,United Kingdom
536282,85123A,WHITE HANGING HEART T-LIGHT HOLDER,10,2011-05-25 14:19:00,2.59,12380,United Kingdom
536188,22114,HOT WATER BOTTLE TEA AND SYMPATHY,1,2011-01-11 20:09:00,3.63,12073,United Kingdom
536188,71053,WHITE METAL LANTERN,36,2011-06-14 08:07:00,3.54,12394,France
536567,22752,SET 7 BABUSHKA NESTING BOXES,10,2011-03-12 15:47:00,7.79,12213,United Kingdom
536189,22086,PAPER CHAIN KIT 50'S CHRISTMAS,8,2011-05-15 10:40:00,2.67,12533,United Kingdom
536189,21730,GLASS STAR FROSTED T-LIGHT HOLDER,1,2011-03-12 13:56:00,4.41,12115,United Kingdom
536570,22752,SET 7 BABUSHKA NESTING BOXES,6,2011-02-24 20:17:00,7.66,12248,United Kingdom
536142,85123A,WHITE HANGING HEART T-LIGHT HOLDER,4,2011-11-18 17:09:00,2.45,12161,United Kingdom
536190,22086,PAPER CHAIN KIT 50'S CHRISTMAS,4,2011-10-17 08:03:00,2.47,12549,Germany
536286,71053,WHITE METAL LANTERN,6,2011-05-12 16:50:00,3.37,12449,France
536143,85123A,WHITE HANGING HEART T-LIGHT HOLDER,3,2011-06-02 19:08:00,2.44,12448,United Kingdom
536143,22633,HAND WARMER UNION JACK,6,2011-03-08 17:11:00,1.84,12479,United Kingdom
536288,22114,HOT WATER BOTTLE TEA AND SYMPATHY,5,2011-01-05 16:09:00,3.65,12375,United Kingdom
536144,21258,VICTORIAN SEWING BOX LARGE,12,2011-03-05 08:39:00,11.51,12244,United Kingdom
536144,85123A,WHITE HANGING HEART T-LIGHT HOLDER,6,2011-03-08 16:43:00,2.61,12289,United Kingdom
536579,22632,HAND WARMER RED POLKA DOT,1,2011-01-19 16:42:00,1.96,12132,United Kingdom
536580,85123A,WHITE HANGING HEART T-LIGHT HOLDER,1,2011-08-06 11:06:00,2.64,12397,United Kingdom
536193,22633,HAND WARMER UNION JACK,6,2010-12-26 13:14:00,1.77,12213,United Kingdom
536582,85099C,JUMBO BAG BAROQUE BLACK WHITE,1,2011-07-28 20:40:00,1.99,12425,Germany
536583,22114,HOT WATER BOTTLE TEA AND SYMPATHY,1,2011-10-12 12:33:00,3.31,12311,United Kingdom
536584,84406B,CREAM CUPID HEARTS COAT HANGER,6,2011-01-21 19:14:00,2.68,12538,United Kingdom
536292,22633,HAND WARMER UNION JACK,5,2011-09-12 19:35:00,1.78,12366,United Kingdom
536146,22086,PAPER CHAIN KIT 50'S CHRISTMAS,2,2011-01-23 10:50:00,2.56,12345,United Kingdom
536146,22633,HAND WARMER UNION JACK,48,2011-05-30 13:35:00,1.84,12380,United Kingdom
536196,22632,HAND WARMER RED POLKA DOT,6,2011-10-08 11:36:00,1.85,12260,United Kingdom
536147,22752,SET 7 BABUSHKA NESTING BOXES,48,2010-12-01 19:02:00,7.86,12530,United Kingdom
536590,22386,JUMBO BAG PINK POLKADOT,12,2011-05-03 11:13:00,1.86,12282,Spain
536295,22633,HAND WARMER UNION JACK,4,2011-01-18 08:29:00,1.79,12375,Netherlands
536197,84406B,CREAM CUPID HEARTS COAT HANGER,5,2011-05-03 09:36:00,2.94,12079,France
536296,22114,HOT WATER BOTTLE TEA AND SYMPATHY,6,2011-08-07 19:44:00,3.68,12307,United Kingdom
536148,22114,HOT WATER BOTTLE TEA AND SYMPATHY,24,2011-01-10 20:03:00,3.43,12444,United Kingdom
536297,22386,JUMBO BAG PINK POLKADOT,1,2011-10-31 17:59:00,2.05,12391,United Kingdom
536198,22633,HAND WARMER UNION JACK,4,2011-09-03 17:09:00,1.93,12156,United Kingdom
536149,22086,PAPER CHAIN KIT 50'S CHRISTMAS,6,2011-07-17 20:38:00,2.45,12442,United Kingdom
536299,84029E,RED WOOLLY HOTTIE WHITE HEART,6,2011-05-22 09:30:00,3.24,12408,United Kingdom
536149,84029E,RED WOOLLY HOTTIE WHITE HEART,2,2011-11-23 10:48:00,3.47,12499,United Kingdom
536300,22633,HAND WARMER UNION JACK,10,2011-04-04 09:17:00,1.84,12091,United Kingdom
536200,22752,SET 7 BABUSHKA NESTING BOXES,4,2011-05-28 11:20:00,7.92,12312,United Kingdom
536150,84029E,RED WOOLLY HOTTIE WHITE HEART,1,2011-10-16 10:28:00,3.58,12204,United Kingdom
536603,71053,WHITE METAL LANTERN,3,2011-01-27 19:03:00,3.49,12151,Netherlands
536604,22114,HOT WATER BOTTLE TEA AND SYMPATHY,2,2011-05-25 19:51:00,3.48,12023,United Kingdom
536302,22086,PAPER CHAIN KIT 50'S CHRISTMAS,8,2011-03-15 16:33:00,2.6,12144,United Kingdom
536151,22632,HAND WARMER RED POLKA DOT,1,2011-09-25 18:33:00,1.8,12290,United Kingdom
536202,22086,PAPER CHAIN KIT 50'S CHRISTMAS,24,2010-12-28 15:41:00,2.44,12277,United Kingdom
536202,22386,JUMBO BAG PINK POLKADOT,12,2011-01-25 08:18:00,2.02,12236,Portugal
536609,21730,GLASS STAR FROSTED T-LIGHT HOLDER,6,2011-05-11 15:55:00,4.09,12203,United Kingdom
536610,22752,SET 7 BABUSHKA NESTING BOXES,6,2010-12-21 11:59:00,7.6,12402,France
536203,85123A,WHITE HANGING HEART T-LIGHT HOLDER,3,2011-05-31 18:19:00,2.75,12513,United Kingdom
536204,85123A,WHITE HANGING HEART T-LIGHT HOLDER,24,2011-06-17 08:35:00,2.5,12349,Spain
536613,22632,HAND WARMER RED POLKA DOT,6,2011-06-14 16:43:00,1.91,12232,United Kingdom
536153,22633,HAND WARMER UNION JACK,5,2011-05-09 17:21:00,1.79,12141,United Kingdom
536307,22086,PAPER CHAIN KIT 50'S CHRISTMAS,8,2011-02-09 12:44:00,2.6,12138,United Kingdom
536308,22386,JUMBO BAG PINK POLKADOT,2,2011-11-01 17:58:00,1.87,12545,Norway
536205,71053,WHITE METAL LANTERN,10,2011-02-13 19:01:00,3.61,12423,Portugal
536206,84029G,KNITTED UNION FLAG HOT WATER BOTTLE,2,2011-02-16 20:12:00,3.3,12273,United Kingdom
536309,22632,HAND WARMER RED POLKA DOT,4,2011-03-29 18:01:00,1.92,12488,United Kingdom
536155,22114,HOT WATER BOTTLE TEA AND SYMPATHY,2,2011-11-30 18:23:00,3.45,12485,United Kingdom
536621,71053,WHITE METAL LANTERN,24,2011-06-28 20:00:00,3.64,12227,France
536311,22961,JAM MAKING SET PRINTED,24,2011-01-03 10:59:00,1.46,12501,United Kingdom
536311,22386,JUMBO BAG PINK POLKADOT,1,2011-07-07 14:49:00,2.04,12389,France
536624,84029E,RED WOOLLY HOTTIE WHITE HEART,5,2011-08-24 09:28:00,3.61,12251,United Kingdom
536625,84029E,RED WOOLLY HOTTIE WHITE HEART,10,2011-09-12 14:33:00,3.64,12194,United Kingdom
536208,84029E,RED WOOLLY HOTTIE WHITE HEART,5,2011-04-26 15:10:00,3.49,12055,United Kingdom
536156,22386,JUMBO BAG PINK POLKADOT,8,2011-10-27 15:05:00,1.88,12138,United Kingdom
536628,84029G,KNITTED UNION FLAG HOT WATER BOTTLE,12,2011-03-02 15:37:00,3.62,12465,United Kingdom
536314,84029G,KNITTED UNION FLAG HOT WATER BOTTLE,8,2011-02-02 09:07:00,3.5,12087,United Kingdom
536315,84029E,RED WOOLLY HOTTIE WHITE HEART,1,2011-06-12 16:24:00,3.3,12343,United Kingdom
536315,22632,HAND WARMER RED POLKA DOT,10,2011-02-22 10:11:00,1.77,12315,United Kingdom
536158,21258,VICTORIAN SEWING BOX LARGE,2,2011-04-27 18:11:00,10.59,12207,United Kingdom
536633,21258,VICTORIAN SEWING BOX LARGE,6,2011-07-23 15:54:00,11.55,12505,United Kingdom
536158,22633,HAND WARMER UNION JACK,2,2011-07-21 14:28:00,1.9,12250,Netherlands
536317,84029G,KNITTED UNION FLAG HOT WATER BOTTLE,1,2010-12-26 10:09:00,3.37,12148,Netherlands
536212,22632,HAND WARMER RED POLKA DOT,2,2011-05-19 09:03:00,2.0,12165,United Kingdom
536318,22632,HAND WARMER RED POLKA DOT,4,2011-07-22 19:37:00,1.77,12306,United Kingdom
536638,22386,JUMBO BAG PINK POLKADOT,3,2011-07-07 16:04:00,1.89,12281,United Kingdom
536319,22752,SET 7 BABUSHKA NESTING BOXES,1,2011-11-22 11:39:00,7.84,12541,Italy
536213,21730,GLASS STAR FROSTED T-LIGHT HOLDER,4,2011-07-07 17:54:00,4.33,12362,Belgium
536160,22632,HAND WARMER RED POLKA DOT,6,2011-08-24 19:40:00,1.95,12238,France
536642,22961,JAM MAKING SET PRINTED,6,2011-01-30 08:29:00,1.4,12212,Germany
536160,22961,JAM MAKING SET PRINTED,6,2010-12-24 13:22:00,1.5,12011,United Kingdom
536214,22086,PAPER CHAIN KIT 50'S CHRISTMAS,6,2011-01-04 12:19:00,2.53,12006,United Kingdom
536161,84029G,KNITTED UNION FLAG HOT WATER BOTTLE,10,2011-09-18 17:01:00,3.31,12346,Belgium
536161,21730,GLASS STAR FROSTED T-LIGHT HOLDER,5,2010-12-19 18:08:00,4.38,12549,Spain
536161,22752,SET 7 BABUSHKA NESTING BOXES,6,2010-12-29 16:19:00,7.94,12548,United Kingdom
536216,22633,HAND WARMER UNION JACK,3,2011-05-31 09:09:00,1.76,12384,United Kingdom
536162,22114,HOT WATER BOTTLE TEA AND SYMPATHY,12,2011-03-06 17:07:00,3.61,12322,France
536650,84029G,KNITTED UNION FLAG HOT WATER BOTTLE,5,2011-08-12 11:23:00,3.64,12221,United Kingdom
536217,71053,WHITE METAL LANTERN,12,2010-12-20 20:12:00,3.42,12025,Germany
536326,22386,JUMBO BAG PINK POLKADOT,5,2011-03-08 13:59:00,2.07,12317,France
536653,71053,WHITE METAL LANTERN,3,2011-08-22 18:08:00,3.24,12396,France
536654,22633,HAND WARMER UNION JACK,12,2011-05-09 08:43:00,1.97,12341,United Kingdom
536218,85123A,WHITE HANGING HEART T-LIGHT HOLDER,4,2010-12-12 17:48:00,2.72,12328,United Kingdom
536218,84029G,KNITTED UNION FLAG HOT WATER BOTTLE,3,2011-07-14 18:07:00,3.29,12117,United Kingdom
536657,22632,HAND WARMER RED POLKA DOT,6,2011-03-16 16:22:00,1.82,12290,United Kingdom
536219,71053,WHITE METAL LANTERN,5,2011-10-10 13:34:00,3.28,12482,Spain
536164,85123A,WHITE HANGING HEART T-LIGHT HOLDER,4,2010-12-28 09:27:00,2.66,12456,United Kingdom
536330,84029G,KNITTED UNION FLAG HOT WATER BOTTLE,10,2011-12-01 20:42:00,3.26,12476,United Kingdom
536165,85123A,WHITE HANGING HEART T-LIGHT HOLDER,8,2011-01-19 15:19:00,2.66,12476,United Kingdom
536331,85099C,JUMBO BAG BAROQUE BLACK WHITE,4,2011-10-12 12:58:00,1.9,12338,Germany
536165,22386,JUMBO BAG PINK POLKADOT,5,2011-08-07 08:04:00,1.94,12472,Germany
536221,84029G,KNITTED UNION FLAG HOT WATER BOTTLE,6,2011-10-06 17:08:00,3.4,12109,United Kingdom
536221,22632,HAND WARMER RED POLKA DOT,6,2011-08-30 15:25:00,1.81,12249,United Kingdom
536166,22961,JAM MAKING SET PRINTED,10,2011-01-03 13:13:00,1.49,12445,United Kingdom
536333,84029E,RED WOOLLY HOTTIE WHITE HEART,1,2011-02-27 18:42:00,3.63,12498,United Kingdom
536222,22632,HAND WARMER RED POLKA DOT,5,2011-09-11 09:52:00,1.83,12415,United Kingdom
536167,85123A,WHITE HANGING HEART T-LIGHT HOLDER,6,2011-05-17 15:41:00,2.45,12142,Netherlands
536670,22386,JUMBO BAG PINK POLKADOT,5,2011-02-14 18:09:00,1.93,12457,United Kingdom
536223,22086,PAPER CHAIN KIT 50'S CHRISTMAS,12,2011-05-03 17:50:00,2.52,12445,France
536672,22386,JUMBO BAG PINK POLKADOT,48,2011-09-25 08:39:00,1.95,12130,Netherlands
536673,85123A,WHITE HANGING HEART T-LIGHT HOLDER,10,2010-12-01 19:35:00,2.54,12288,Netherlands
536168,84406B,CREAM CUPID HEARTS COAT HANGER,4,2011-10-17 13:45:00,2.75,12216,United Kingdom
536337,21730,GLASS STAR FROSTED T-LIGHT HOLDER,24,2011-09-11 14:53:00,4.5,12157,United Kingdom
536338,22386,JUMBO BAG PINK POLKADOT,6,2011-02-07 08:04:00,1.89,12498,United Kingdom
536338,22961,JAM MAKING SET PRINTED,10,2011-01-13 10:41:00,1.54,12435,United Kingdom
536169,22752,SET 7 BABUSHKA NESTING BOXES,4,2011-09-09 15:24:00,7.45,12007,United Kingdom
536339,22114,HOT WATER BOTTLE TEA AND SYMPATHY,5,2011-11-30 16:17:00,3.52,12375,United Kingdom
536170,85123A,WHITE HANGING HEART T-LIGHT HOLDER,6,2011-11-26 13:07:00,2.74,12081,United Kingdom
536227,22086,PAPER CHAIN KIT 50'S CHRISTMAS,6,2011-07-27 16:05:00,2.62,12251,United Kingdom
536682,22086,PAPER CHAIN KIT 50'S CHRISTMAS,10,2011-11-16 18:34:00,2.53,12054,Spain
536683,22633,HAND WARMER UNION JACK,12,2011-07-29 15:32:00,1.9,12339,United Kingdom
536228,85099C,JUMBO BAG BAROQUE BLACK WHITE,8,2011-04-28 10:02:00,2.0,12311,France
536685,22633,HAND WARMER UNION JACK,2,2011-10-19 15:37:00,1.77,12298,Germany
536228,22632,HAND WARMER RED POLKA DOT,6,2011-08-06 09:08:00,1.96,12284,United Kingdom
536229,22632,HAND WARMER RED POLKA DOT,2,2011-04-11 08:47:00,1.8,12154,United Kingdom
536344,84029E,RED WOOLLY HOTTIE WHITE HEART,3,2011-04-13 20:44:00,3.3,12540,Netherlands
536689,84029E,RED WOOLLY HOTTIE WHITE HEART,10,2011-02-13 17:59:00,3.59,12422,France
536172,84406B,CREAM CUPID HEARTS COAT HANGER,6,2011-10-23 10:13:00,2.91,12055,United Kingdom
536691,21258,VICTORIAN SEWING BOX LARGE,5,2010-12-27 10:29:00,10.83,12545,United Kingdom
536173,22086,PAPER CHAIN KIT 50'S CHRISTMAS,6,2011-07-31 12:09:00,2.57,12295,Belgium
536231,22752,SET 7 BABUSHKA NESTING BOXES,2,2011-08-29 18:02:00,7.8,12362,Norway
536231,22752,SET 7 BABUSHKA NESTING BOXES,10,2011-05-21 12:17:00,7.52,12400,United Kingdom
536347,22086,PAPER CHAIN KIT 50'S CHRISTMAS,2,2011-11-10 17:49:00,2.53,12184,United Kingdom
536696,85123A,WHITE HANGING HEART T-LIGHT HOLDER,2,2011-01-04 08:26:00,2.46,12456,United Kingdom
536232,22086,PAPER CHAIN KIT 50'S CHRISTMAS,6,2011-03-09 08:01:00,2.44,12222,Norway
536698,22632,HAND WARMER RED POLKA DOT,4,2011-01-14 17:08:00,1.94,12189,Spain
536233,22086,PAPER CHAIN KIT 50'S CHRISTMAS,24,2011-04-30 15:42:00,2.63,12283,France
536233,22086,PAPER CHAIN KIT 50'S CHRISTMAS,1,2011-04-11 10:49:00,2.68,12391,United Kingdom
536233,22961,JAM MAKING SET PRINTED,1,2011-04-15 10:28:00,1.56,12205,United Kingdom
536175,71053,WHITE METAL LANTERN,10,2011-01-25 10:34:00,3.32,12108,Spain
536703,22086,PAPER CHAIN KIT 50'S CHRISTMAS,6,2010-12-18 09:04:00,2.51,12456,United Kingdom
536704,21730,GLASS STAR FROSTED T-LIGHT HOLDER,3,2010-12-20 18:24:00,4.42,12400,United Kingdom
536176,22633,HAND WARMER UNION JACK,12,2011-08-02 14:25:00,1.95,12071,United Kingdom
536176,85123A,WHITE HANGING HEART T-LIGHT HOLDER,24,2011-02-01 17:34:00,2.54,12310,United Kingdom
536707,22632,HAND WARMER RED POLKA DOT,36,2011-06-06 16:54:00,1.78,12470,France
536354,84029G,KNITTED UNION FLAG HOT WATER BOTTLE,36,2011-03-01 16:02:00,3.51,12306,United Kingdom
536236,22386,JUMBO BAG PINK POLKADOT,6,2011-08-07 09:56:00,2.04,12143,United Kingdom
536355,85123A,WHITE HANGING HEART T-LIGHT HOLDER,10,2011-08-08 14:04:00,2.64,12511,United Kingdom
536177,22114,HOT WATER BOTTLE TEA AND SYMPATHY,1,2010-12-09 08:21:00,3.63,12043,United Kingdom
536178,84406B,CREAM CUPID HEARTS COAT HANGER,8,2011-11-13 16:09:00,2.7,12073,United Kingdom
536713,71053,WHITE METAL LANTERN,3,2011-07-30 17:02:00,3.51,12014,United Kingdom
536238,85123A,WHITE HANGING HEART T-LIGHT HOLDER,2,2011-01-19 15:39:00,2.62,12108,United Kingdom
536357,22632,HAND WARMER RED POLKA DOT,5,2011-01-02 20:12:00,1.95,12411,United Kingdom
536358,22961,JAM MAKING SET PRINTED,8,2011-05-14 20:13:00,1.49,12343,United Kingdom
536179,84029G,KNITTED UNION FLAG HOT WATER BOTTLE,6,2011-02-25 19:23:00,3.41,12041,United Kingdom
536179,22114,HOT WATER BOTTLE TEA AND SYMPATHY,5,2011-02-19 08:56:00,3.28,12183,Belgium
536239,22086,PAPER CHAIN KIT 50'S CHRISTMAS,10,2011-07-02 19:51:00,2.58,12129,United Kingdom
536180,22632,HAND WARMER RED POLKA DOT,6,2011-06-29 11:11:00,1.77,12184,France
536721,22632,HAND WARMER RED POLKA DOT,4,2011-10-18 20:19:00,1.76,12241,United Kingdom
536722,22961,JAM MAKING SET PRINTED,8,2011-10-13 13:55:00,1.48,12224,United Kingdom
536361,22632,HAND WARMER RED POLKA DOT,2,2011-04-21 08:12:00,1.79,12485,United Kingdom
536724,71053,WHITE METAL LANTERN,3,2010-12-28 18:23:00,3.41,12342,United Kingdom
536181,22386,JUMBO BAG PINK POLKADOT,1,2010-12-23 09:47:00,1.99,12161,Germany
536726,21730,GLASS STAR FROSTED T-LIGHT HOLDER,5,2011-01-06 11:46:00,4.36,12429,United Kingdom
536242,22086,PAPER CHAIN KIT 50'S CHRISTMAS,4,2011-03-28 20:07:00,2.46,12422,Netherlands
536364,84029E,RED WOOLLY HOTTIE WHITE HEART,5,2011-01-07 15:37:00,3.61,12148,United Kingdom
536364,22632,HAND WARMER RED POLKA DOT,5,2011-06-17 13:08:00,1.8,12367,Portugal
536365,71053,WHITE METAL LANTERN,1,2010-12-17 19:36:00,3.28,12476,United Kingdom
536243,71053,WHITE METAL LANTERN,2,2011-03-23 12:38:00,3.57,12174,United Kingdom
536366,22633,HAND WARMER UNION JACK,6,2011-01-14 14:54:00,1.96,12221,United Kingdom
536244,22114,HOT WATER BOTTLE TEA AND SYMPATHY,8,2010-12-08 19:27:00,3.39,12335,United Kingdom
536367,84406B,CREAM CUPID HEARTS COAT HANGER,36,2011-09-20 08:26:00,2.63,12481,France
536183,21730,GLASS STAR FROSTED T-LIGHT HOLDER,10,2011-08-29 14:30:00,4.42,12100,United Kingdom
536736,84406B,CREAM CUPID HEARTS COAT HANGER,24,2011-11-20 19:26:00,2.66,12302,United Kingdom
536737,22961,JAM MAKING SET PRINTED,2,2011-08-03 18:19:00,1.46,12024,Portugal
536369,21730,GLASS STAR FROSTED T-LIGHT HOLDER,10,2011-11-26 14:11:00,4.24,12475,France
536739,85123A,WHITE HANGING HEART T-LIGHT HOLDER,6,2011-06-16 19:21:00,2.52,12276,United Kingdom
536370,22632,HAND WARMER RED POLKA DOT,12,2011-11-16 09:39:00,1.93,12056,United Kingdom
536247,22386,JUMBO BAG PINK POLKADOT,4,2010-12-27 09:24:00,2.01,12374,United Kingdom
536742,22632,HAND WARMER RED POLKA DOT,3,2011-09-14 19:49:00,1.99,12244,United Kingdom
536371,22632,HAND WARMER RED POLKA DOT,12,2011-03-26 13:22:00,1.88,12433,United Kingdom
536248,85123A,WHITE HANGING HEART T-LIGHT HOLDER,6,2011-07-20 15:32:00,2.46,12544,United Kingdom
536248,22633,HAND WARMER UNION JACK,10,2011-07-20 17:23:00,1.98,12067,United Kingdom
536746,22386,JUMBO BAG PINK POLKADOT,2,2011-01-11 14:57:00,2.1,12078,United Kingdom
536373,84029G,KNITTED UNION FLAG HOT WATER BOTTLE,3,2011-08-12 10:55:00,3.64,12023,United Kingdom
536374,22961,JAM MAKING SET PRINTED,5,2011-07-31 13:26:00,1.5,12298,United Kingdom
536374,85123A,WHITE HANGING HEART T-LIGHT HOLDER,5,2011-08-24 18:21:00,2.54,12334,United Kingdom
536187,22632,HAND WARMER RED POLKA DOT,2,2011-07-23 12:36:00,1.95,12175,Germany
536250,84406B,CREAM CUPID HEARTS COAT HANGER,1,2011-04-27 20:54:00,2.74,12466,Norway
536376,22632,HAND WARMER RED POLKA DOT,2,2011-11-30 16:18:00,1.8,12157,United Kingdom
536251,85123A,WHITE HANGING HEART T-LIGHT HOLDER,3,2011-09-21 10:28:00,2.48,12035,United Kingdom
536377,22961,JAM MAKING SET PRINTED,36,2011-06-09 15:34:00,1.48,12124,Belgium
536188,84029E,RED WOOLLY HOTTIE WHITE HEART,4,2011-02-13 15:59:00,3.22,12519,United Kingdom
536189,22086,PAPER CHAIN KIT 50'S CHRISTMAS,8,2011-04-28 20:36:00,2.69,12452,United Kingdom
536189,85123A,WHITE HANGING HEART T-LIGHT HOLDER,6,2010-12-21 10:43:00,2.52,12411,United Kingdom
536252,84406B,CREAM CUPID HEARTS COAT HANGER,6,2011-01-17 13:03:00,2.68,12539,United Kingdom
536253,85099C,JUMBO BAG BAROQUE BLACK WHITE,6,2011-03-11 08:05:00,1.97,12089,Portugal
536190,84029E,RED WOOLLY HOTTIE WHITE HEART,6,2011-05-12 17:38:00,3.25,12369,United Kingdom
536190,22086,PAPER CHAIN KIT 50'S CHRISTMAS,1,2011-06-08 14:23:00,2.54,12315,Portugal
536762,22386,JUMBO BAG PINK POLKADOT,5,2011-03-21 19:56:00,2.1,12453,United Kingdom
536190,22114,HOT WATER BOTTLE TEA AND SYMPATHY,6,2011-07-01 10:53:00,3.32,12212,United Kingdom
536254,22961,JAM MAKING SET PRINTED,4,2011-01-03 17:48:00,1.38,12279,United Kingdom
536382,22633,HAND WARMER UNION JACK,4,2011-03-13 10:53:00,1.89,12043,Germany
536255,84029G,KNITTED UNION FLAG HOT WATER BOTTLE,5,2011-08-10 16:47:00,3.23,12002,United Kingdom
536191,84029G,KNITTED UNION FLAG HOT WATER BOTTLE,12,2011-02-02 18:42:00,3.4,12503,Spain
536768,22632,HAND WARMER RED POLKA DOT,6,2011-01-31 20:17:00,1.99,12370,United Kingdom
536256,22633,HAND WARMER UNION JACK,36,2011-10-18 18:30:00,1.95,12382,United Kingdom
536256,22633,HAND WARMER UNION JACK,2,2011-02-22 17:03:00,1.87,12138,United Kingdom
536257,85123A,WHITE HANGING HEART T-LIGHT HOLDER,24,2011-07-03 18:58:00,2.44,12298,United Kingdom
536386,85099C,JUMBO BAG BAROQUE BLACK WHITE,2,2011-10-18 10:48:00,2.04,12330,Netherlands
536257,22114,HOT WATER BOTTLE TEA AND SYMPATHY,8,2011-04-18 18:44:00,3.32,12360,Germany
536258,85123A,WHITE HANGING HEART T-LIGHT HOLDER,5,2011-06-09 20:31:00,2.73,12166,United Kingdom
536387,71053,WHITE METAL LANTERN,6,2011-03-07 20:57:00,3.52,12538,Germany
536776,22086,PAPER CHAIN KIT 50'S CHRISTMAS,1,2011-07-02 15:58:00,2.69,12017,United Kingdom
536259,84029G,KNITTED UNION FLAG HOT WATER BOTTLE,48,2011-02-10 15:56:00,3.45,12350,United Kingdom
536778,84029G,KNITTED UNION FLAG HOT WATER BOTTLE,8,2011-03-24 10:54:00,3.52,12314,United Kingdom
536779,71053,WHITE METAL LANTERN,10,2011-07-06 19:48:00,3.25,12495,France
536780,85123A,WHITE HANGING HEART T-LIGHT HOLDER,6,2010-12-17 20:42:00,2.44,12121,Spain
536260,85123A,WHITE HANGING HEART T-LIGHT HOLDER,2,2011-11-07 08:48:00,2.46,12210,United Kingdom
536260,71053,WHITE METAL LANTERN,12,2010-12-15 09:09:00,3.64,12356,United Kingdom
536391,22386,JUMBO BAG PINK POLKADOT,2,2011-08-16 17:04:00,2.0,12014,United Kingdom
536261,22086,PAPER CHAIN KIT 50'S CHRISTMAS,1,2011-02-26 20:34:00,2.66,12219,Belgium
536196,22114,HOT WATER BOTTLE TEA AND SYMPATHY,2,2011-06-06 19:37:00,3.58,12109,United Kingdom
536196,84029E,RED WOOLLY HOTTIE WHITE HEART,3,2011-07-06 11:32:00,3.27,12321,United Kingdom
536393,85123A,WHITE HANGING HEART T-LIGHT HOLDER,8,2011-08-11 20:23:00,2.61,12041,United Kingdom
536197,21730,GLASS STAR FROSTED T-LIGHT HOLDER,8,2011-04-25 15:38:00,4.42,12454,United Kingdom
536197,84029E,RED WOOLLY HOTTIE WHITE HEART,10,2011-03-07 09:57:00,3.43,12376,United Kingdom
536197,22961,JAM MAKING SET PRINTED,5,2011-11-10 09:25:00,1.5,12087,United Kingdom
536791,84029E,RED WOOLLY HOTTIE WHITE HEART,36,2011-02-25 09:23:00,3.37,12413,United Kingdom
536198,22114,HOT WATER BOTTLE TEA AND SYMPATHY,10,2011-04-22 20:45:00,3.54,12409,United Kingdom
536198,22632,HAND WARMER RED POLKA DOT,2,2011-08-06 16:17:00,1.87,12125,United Kingdom
536397,21730,GLASS STAR FROSTED T-LIGHT HOLDER,1,2010-12-16 09:47:00,4.08,12027,Portugal
536265,84029E,RED WOOLLY HOTTIE WHITE HEART,6,2011-02-17 12:39:00,3.56,12532,France
536398,22114,HOT WATER BOTTLE TEA AND SYMPATHY,6,2011-04-30 18:31:00,3.39,12351,Germany
536797,22633,HAND WARMER UNION JACK,12,2010-12-17 14:56:00,1.85,12322,Netherlands
536798,22752,SET 7 BABUSHKA NESTING BOXES,6,2010-12-17 10:35:00,8.04,12168,United Kingdom
536199,71053,WHITE METAL LANTERN,6,2011-08-07 20:07:00,3.44,12481,United Kingdom
536800,22114,HOT WATER BOTTLE TEA AND SYMPATHY,6,2011-06-19 12:31:00,3.45,12361,France
536801,84029G,KNITTED UNION FLAG HOT WATER BOTTLE,2,2010-12-15 17:02:00,3.38,12027,France
536200,22632,HAND WARMER RED POLKA DOT,48,2011-01-19 14:22:00,1.86,12057,United Kingdom
536267,84406B,CREAM CUPID HEARTS COAT HANGER,8,2011-09-30 09:58:00,2.92,12117,United Kingdom
536268,85123A,WHITE HANGING HEART T-LIGHT HOLDER,12,2010-12-20 15:42:00,2.61,12431,United Kingdom
536805,22086,PAPER CHAIN KIT 50'S CHRISTMAS,4,2011-05-12 14:36:00,2.61,12500,United Kingdom
536268,22086,PAPER CHAIN KIT 50'S CHRISTMAS,10,2011-08-12 16:51:00,2.54,12306,United Kingdom
536201,22752,SET 7 BABUSHKA NESTING BOXES,10,2011-10-22 20:04:00,7.8,12294,United Kingdom
536202,84029G,KNITTED UNION FLAG HOT WATER BOTTLE,24,2011-03-26 17:47:00,3.54,12097,United Kingdom
536202,84029G,KNITTED UNION FLAG HOT WATER BOTTLE,10,2011-07-07 11:22:00,3.51,12309,United Kingdom
536270,84029G,KNITTED UNION FLAG HOT WATER BOTTLE,3,2011-03-13 14:25:00,3.45,12184,Netherlands
536405,22632,HAND WARMER RED POLKA DOT,6,2011-09-22 15:13:00,1.96,12478,United Kingdom
536203,22632,HAND WARMER RED POLKA DOT,1,2011-09-16 19:40:00,1.81,12473,United Kingdom
536271,71053,WHITE METAL LANTERN,12,2011-07-11 14:20:00,3.62,12208,Germany
536271,84029G,KNITTED UNION FLAG HOT WATER BOTTLE,8,2011-10-27 10:16:00,3.32,12244,United Kingdom
536407,71053,WHITE METAL LANTERN,6,2011-05-08 15:31:00,3.41,12037,United Kingdom
536816,84029G,KNITTED UNION FLAG HOT WATER BOTTLE,3,2011-04-12 20:51:00,3.46,12043,Portugal
536817,21730,GLASS STAR FROSTED T-LIGHT HOLDER,6,2010-12-29 09:20:00,4.52,12416,Spain
536818,22632,HAND WARMER RED POLKA DOT,2,2011-06-22 19:53:00,1.78,12512,Belgium
536273,22633,HAND WARMER UNION JACK,6,2011-08-12 09:15:00,1.94,12320,United Kingdom
536205,22633,HAND WARMER UNION JACK,2,2011-03-31 14:13:00,1.8,12281,United Kingdom
536821,84406B,CREAM CUPID HEARTS COAT HANGER,8,2011-08-09 16:23:00,2.65,12433,United Kingdom
536274,84406B,CREAM CUPID HEARTS COAT HANGER,8,2011-02-13 13:30:00,2.91,12021,United Kingdom
536823,22386,JUMBO BAG PINK POLKADOT,8,2011-11-05 20:03:00,2.05,12245,United Kingdom
536274,84029E,RED WOOLLY HOTTIE WHITE HEART,12,2011-11-16 09:34:00,3.6,12397,United Kingdom
536275,85099C,JUMBO BAG BAROQUE BLACK WHITE,10,2011-05-04 09:59:00,1.91,12215,Netherlands
536206,71053,WHITE METAL LANTERN,10,2011-10-20 13:56:00,3.5,12034,United Kingdom
536206,85123A,WHITE HANGING HEART T-LIGHT HOLDER,24,2011-07-30 19:26:00,2.53,12432,Netherlands
536414,22114,HOT WATER BOTTLE TEA AND SYMPATHY,1,2011-11-23 12:32:00,3.47,12334,United Kingdom
536829,85123A,WHITE HANGING HEART T-LIGHT HOLDER,6,2011-10-25 18:11:00,2.68,12139,United Kingdom
536276,71053,WHITE METAL LANTERN,2,2011-05-10 17:05:00,3.33,12133,Germany
536277,22086,PAPER CHAIN KIT 50'S CHRISTMAS,8,2011-07-20 15:55:00,2.51,12335,Germany
536208,71053,WHITE METAL LANTERN,12,2011-06-07 10:25:00,3.64,12229,United Kingdom
536416,85123A,WHITE HANGING HEART T-LIGHT HOLDER,3,2011-01-15 15:12:00,2.7,12050,United Kingdom
536278,22752,SET 7 BABUSHKA NESTING BOXES,2,2011-02-15 09:23:00,7.83,12014,France
536208,22752,SET 7 BABUSHKA NESTING BOXES,3,2011-11-10 15:07:00,7.47,12272,United Kingdom
536418,21730,GLASS STAR FROSTED T-LIGHT HOLDER,3,2011-07-09 11:38:00,4.49,12193,United Kingdom
536418,84029E,RED WOOLLY HOTTIE WHITE HEART,3,2010-12-15 12:16:00,3.42,12254,United Kingdom
536209,22086,PAPER CHAIN KIT 50'S CHRISTMAS,2,2011-01-13 08:30:00,2.53,12407,United Kingdom
536209,22086,PAPER CHAIN KIT 50'S CHRISTMAS,2,2011-10-02 12:04:00,2.44,12340,Belgium
536280,21730,GLASS STAR FROSTED T-LIGHT HOLDER,6,2011-10-07 18:51:00,4.45,12046,United Kingdom
536210,21730,GLASS STAR FROSTED T-LIGHT HOLDER,4,2011-05-04 14:42:00,4.57,12042,United Kingdom
536210,84406B,CREAM CUPID HEARTS COAT HANGER,2,2011-05-23 15:08:00,2.87,12443,United Kingdom
536843,85123A,WHITE HANGING HEART T-LIGHT HOLDER,36,2011-02-04 15:55:00,2.52,12369,Belgium
536281,84029G,KNITTED UNION FLAG HOT WATER BOTTLE,3,2011-10-10 20:59:00,3.36,12168,United Kingdom
536422,22961,JAM MAKING SET PRINTED,10,2011-09-11 18:40:00,1.39,12152,United Kingdom
536211,71053,WHITE METAL LANTERN,5,2011-04-13 10:45:00,3.27,12506,United Kingdom
536211,84029E,RED WOOLLY HOTTIE WHITE HEART,12,2011-07-23 15:07:00,3.6,12126,United Kingdom
536282,71053,WHITE METAL LANTERN,6,2011-03-03 10:47:00,3.34,12217,United Kingdom
536424,22961,JAM MAKING SET PRINTED,10,2011-07-02 09:15:00,1.51,12336,United Kingdom
536850,22086,PAPER CHAIN KIT 50'S CHRISTMAS,24,2011-06-20 13:37:00,2.46,12331,United Kingdom
536212,85123A,WHITE HANGING HEART T-LIGHT HOLDER,6,2011-07-21 18:17:00,2.42,12044,United Kingdom
536284,85099C,JUMBO BAG BAROQUE BLACK WHITE,12,2011-09-18 10:13:00,2.06,12289,United Kingdom
536853,85123A,WHITE HANGING HEART T-LIGHT HOLDER,2,2011-09-07 17:24:00,2.51,12245,Portugal
536854,22386,JUMBO BAG PINK POLKADOT,4,2010-12-11 11:10:00,1.95,12157,United Kingdom
536213,21730,GLASS STAR FROSTED T-LIGHT HOLDER,2,2011-05-08 18:38:00,4.41,12376,United Kingdom
536214,21730,GLASS STAR FROSTED T-LIGHT HOLDER,6,2011-08-01 12:36:00,4.09,12432,Germany
536214,22632,HAND WARMER RED POLKA DOT,1,2011-10-19 14:05:00,1.84,12474,United Kingdom
536429,22632,HAND WARMER RED POLKA DOT,6,2011-08-11 16:40:00,1.78,12479,United Kingdom
536214,22386,JUMBO BAG PINK POLKADOT,8,2011-05-03 10:08:00,1.93,12254,United Kingdom
536860,84029G,KNITTED UNION FLAG HOT WATER BOTTLE,1,2011-09-09 09:58:00,3.27,12435,United Kingdom
536287,21730,GLASS STAR FROSTED T-LIGHT HOLDER,2,2011-05-31 12:37:00,4.32,12116,France
536431,22752,SET 7 BABUSHKA NESTING BOXES,5,2011-06-20 08:05:00,7.97,12321,United Kingdom
536215,22752,SET 7 BABUSHKA NESTING BOXES,4,2011-10-16 20:16:00,8.18,12191,United Kingdom
536288,85123A,WHITE HANGING HEART T-LIGHT HOLDER,6,2011-11-10 09:27:00,2.42,12119,United Kingdom
536216,22632,HAND WARMER RED POLKA DOT,6,2011-11-20 14:55:00,1.94,12498,United Kingdom
536288,22114,HOT WATER BOTTLE TEA AND SYMPATHY,8,2011-11-19 18:44:00,3.64,12089,United Kingdom
536867,85123A,WHITE HANGING HEART T-LIGHT HOLDER,12,2010-12-09 19:12:00,2.49,12148,United Kingdom
536434,22752,SET 7 BABUSHKA NESTING BOXES,5,2011-01-14 12:49:00,7.74,12022,United Kingdom
536217,22386,JUMBO BAG PINK POLKADOT,12,2011-08-06 15:01:00,2.0,12206,United Kingdom
536217,22114,HOT WATER BOTTLE TEA AND SYMPATHY,2,2010-12-27 13:00:00,3.66,12442,Portugal
536290,22114,HOT WATER BOTTLE TEA AND SYMPATHY,5,2010-12-19 15:25:00,3.54,12499,United Kingdom
536872,85123A,WHITE HANGING HEART T-LIGHT HOLDER,6,2011-07-05 17:20:00,2.51,12427,Netherlands
536291,85123A,WHITE HANGING HEART T-LIGHT HOLDER,1,2011-07-18 19:27:00,2.52,12196,United Kingdom
536437,22752,SET 7 BABUSHKA NESTING BOXES,24,2011-09-27 18:21:00,8.12,12479,United Kingdom
536218,84029G,KNITTED UNION FLAG HOT WATER BOTTLE,8,2011-07-02 18:41:00,3.57,12165,United Kingdom
536876,84029G,KNITTED UNION FLAG HOT WATER BOTTLE,2,2011-11-07 15:08:00,3.29,12503,United Kingdom
536219,22752,SET 7 BABUSHKA NESTING BOXES,6,2011-05-05 11:13:00,8.26,12367,Netherlands
536439,84029E,RED WOOLLY HOTTIE WHITE HEART,10,2011-02-28 16:02:00,3.37,12116,United Kingdom
536439,71053,WHITE METAL LANTERN,10,2011-08-07 12:21:00,3.56,12273,Spain
536880,22114,HOT WATER BOTTLE TEA AND SYMPATHY,24,2011-11-27 08:59:00,3.64,12113,Portugal
536881,21258,VICTORIAN SEWING BOX LARGE,2,2011-09-14 08:32:00,11.3,12210,Spain
536294,71053,WHITE METAL LANTERN,6,2011-11-28 15:48:00,3.54,12101,United Kingdom
536441,84029E,RED WOOLLY HOTTIE WHITE HEART,36,2011-02-01 11:28:00,3.56,12006,United Kingdom
536294,22114,HOT WATER BOTTLE TEA AND SYMPATHY,2,2011-04-26 16:10:00,3.44,12424,United Kingdom
536442,22632,HAND WARMER RED POLKA DOT,3,2011-08-29 14:50:00,1.95,12423,Spain
536295,22386,JUMBO BAG PINK POLKADOT,10,2010-12-16 15:09:00,2.03,12529,Norway
536295,85123A,WHITE HANGING HEART T-LIGHT HOLDER,5,2011-06-24 20:10:00,2.55,12037,United Kingdom
536888,22632,HAND WARMER RED POLKA DOT,6,2011-10-20 19:51:00,1.88,12302,United Kingdom
536296,22386,JUMBO BAG PINK POLKADOT,10,2011-05-10 13:00:00,2.08,12150,France
536445,22752,SET 7 BABUSHKA NESTING BOXES,6,2011-09-05 17:50:00,7.71,12353,Netherlands
536222,21258,VICTORIAN SEWING BOX LARGE,1,2011-03-12 12:05:00,10.88,12129,United Kingdom
536446,22633,HAND WARMER UNION JACK,4,2011-01-17 16:35:00,1.84,12163,United Kingdom
536297,22386,JUMBO BAG PINK POLKADOT,8,2011-04-03 20:19:00,2.1,12113,France
536298,22114,HOT WATER BOTTLE TEA AND SYMPATHY,2,2011-10-18 16:22:00,3.62,12127,United Kingdom
536895,22633,HAND WARMER UNION JACK,10,2011-07-21 13:15:00,2.0,12546,Germany
536298,84406B,CREAM CUPID HEARTS COAT HANGER,10,2011-04-25 18:50:00,2.82,12143,France
536448,22633,HAND WARMER UNION JACK,6,2011-01-23 13:33:00,1.96,12369,United Kingdom
536224,71053,WHITE METAL LANTERN,1,2011-06-29 09:05:00,3.61,12487,United Kingdom
536224,85123A,WHITE HANGING HEART T-LIGHT HOLDER,10,2011-09-28 16:33:00,2.71,12510,United Kingdom
536225,22961,JAM MAKING SET PRINTED,6,2011-07-02 10:09:00,1.47,12468,United Kingdom
536901,22086,PAPER CHAIN KIT 50'S CHRISTMAS,5,2011-11-21 11:29:00,2.67,12378,Belgium
536225,71053,WHITE METAL LANTERN,6,2011-01-26 09:23:00,3.24,12156,United Kingdom
536301,84029G,KNITTED UNION FLAG HOT WATER BOTTLE,1,2011-05-05 12:31:00,3.28,12431,United Kingdom
536301,22386,JUMBO BAG PINK POLKADOT,8,2011-03-21 10:52:00,1.85,12357,United Kingdom
536226,85123A,WHITE HANGING HEART T-LIGHT HOLDER,5,2011-09-20 12:36:00,2.53,12386,United Kingdom
536453,22086,PAPER CHAIN KIT 50'S CHRISTMAS,5,2011-02-09 16:40:00,2.57,12459,United Kingdom
536907,22086,PAPER CHAIN KIT 50'S CHRISTMAS,5,2011-10-16 18:39:00,2.5,12404,United Kingdom
536227,85123A,WHITE HANGING HEART T-LIGHT HOLDER,12,2011-04-22 18:05:00,2.66,12316,United Kingdom
536909,71053,WHITE METAL LANTERN,6,2011-03-09 17:34:00,3.24,12534,United Kingdom
536910,21730,GLASS STAR FROSTED T-LIGHT HOLDER,6,2011-01-31 18:59:00,4.57,12281,Germany
536227,84406B,CREAM CUPID HEARTS COAT HANGER,6,2011-01-13 20:34:00,2.76,12046,United Kingdom
536304,85099C,JUMBO BAG BAROQUE BLACK WHITE,1,2011-07-12 10:26:00,1.99,12391,United Kingdom
536913,85123A,WHITE HANGING HEART T-LIGHT HOLDER,2,2011-09-04 10:18:00,2.51,12091,United Kingdom
536457,85099C,JUMBO BAG BAROQUE BLACK WHITE,2,2010-12-31 17:20:00,2.03,12305,United Kingdom
536228,84029G,KNITTED UNION FLAG HOT WATER BOTTLE,24,2011-05-15 12:24:00,3.62,12053,United Kingdom
536458,21258,VICTORIAN SEWING BOX LARGE,6,2011-08-10 16:48:00,11.75,12275,United Kingdom
536229,21730,GLASS STAR FROSTED T-LIGHT HOLDER,5,2011-01-03 15:01:00,4.17,12019,United Kingdom
536918,85099C,JUMBO BAG BAROQUE BLACK WHITE,6,2011-04-06 20:35:00,1.88,12416,United Kingdom
536459,22114,HOT WATER BOTTLE TEA AND SYMPATHY,48,2011-02-11 13:34:00,3.63,12433,Portugal
536920,22633,HAND WARMER UNION JACK,6,2010-12-01 15:53:00,1.91,12171,United Kingdom
536230,85099C,JUMBO BAG BAROQUE BLACK WHITE,10,2011-04-19 17:16:00,1.95,12359,Germany
536307,84406B,CREAM CUPID HEARTS COAT HANGER,6,2010-12-24 10:47:00,2.64,12091,United Kingdom
536461,71053,WHITE METAL LANTERN,5,2011-09-11 12:56:00,3.49,12325,Netherlands
536308,85099C,JUMBO BAG BAROQUE BLACK WHITE,3,2011-11-28 15:17:00,2.1,12349,United Kingdom
536308,85099C,JUMBO BAG BAROQUE BLACK WHITE,6,2010-12-09 19:08:00,1.85,12487,United Kingdom
536463,85123A,WHITE HANGING HEART T-LIGHT HOLDER,8,2011-06-30 16:57:00,2.58,12402,United Kingdom
536927,22114,HOT WATER BOTTLE TEA AND SYMPATHY,10,2011-09-02 08:57:00,3.58,12126,United Kingdom
536309,22114,HOT WATER BOTTLE TEA AND SYMPATHY,10,2011-06-17 10:53:00,3.59,12008,United Kingdom
536464,84029E,RED WOOLLY HOTTIE WHITE HEART,8,2011-07-16 08:14:00,3.55,12366,United Kingdom
536310,22114,HOT WATER BOTTLE TEA AND SYMPATHY,36,2011-03-24 11:31:00,3.29,12504,Spain
536465,22086,PAPER CHAIN KIT 50'S CHRISTMAS,6,2010-12-04 11:52:00,2.46,12284,United Kingdom
536466,21730,GLASS STAR FROSTED T-LIGHT HOLDER,8,2011-11-03 19:36:00,4.37,12179,United Kingdom
536933,71053,WHITE METAL LANTERN,6,2011-02-04 12:59:00,3.32,12535,France
536934,84029G,KNITTED UNION FLAG HOT WATER BOTTLE,6,2011-11-20 18:34:00,3.52,12464,United Kingdom
536935,22752,SET 7 BABUSHKA NESTING BOXES,48,2011-05-15 14:54:00,7.54,12530,United Kingdom
536936,84029E,RED WOOLLY HOTTIE WHITE HEART,12,2011-03-25 08:17:00,3.46,12323,United Kingdom
536937,71053,WHITE METAL LANTERN,48,2011-09-19 20:01:00,3.32,12433,Norway
536469,22386,JUMBO BAG PINK POLKADOT,1,2011-02-23 13:19:00,2.01,12028,United Kingdom
536313,22114,HOT WATER BOTTLE TEA AND SYMPATHY,5,2011-04-08 11:06:00,3.71,12055,Germany
536470,22633,HAND WARMER UNION JACK,6,2011-01-07 20:38:00,1.94,12457,United Kingdom
536941,85123A,WHITE HANGING HEART T-LIGHT HOLDER,12,2010-12-18 14:20:00,2.65,12130,United Kingdom
536942,22114,HOT WATER BOTTLE TEA AND SYMPATHY,5,2011-05-04 17:40:00,3.32,12057,United Kingdom
536235,84029G,KNITTED UNION FLAG HOT WATER BOTTLE,8,2011-06-24 09:39:00,3.32,12010,United Kingdom
536236,21730,GLASS STAR FROSTED T-LIGHT HOLDER,4,2011-10-14 17:06:00,4.56,12026,United Kingdom
536472,84029G,KNITTED UNION FLAG HOT WATER BOTTLE,6,2011-01-25 09:00:00,3.25,12198,Spain
536315,71053,WHITE METAL LANTERN,8,2011-05-31 14:30:00,3.42,12248,United Kingdom
536473,85123A,WHITE HANGING HEART T-LIGHT HOLDER,6,2011-05-09 17:27:00,2.64,12366,United Kingdom
536474,22386,JUMBO BAG PINK POLKADOT,6,2011-02-14 15:19:00,1.93,12008,United Kingdom
536474,22632,HAND WARMER RED POLKA DOT,10,2010-12-30 11:32:00,1.89,12055,United Kingdom
536475,71053,WHITE METAL LANTERN,1,2011-10-24 11:50:00,3.3,12487,United Kingdom
536317,22961,JAM MAKING SET PRINTED,6,2011-09-23 17:21:00,1.46,12166,United Kingdom
536952,22386,JUMBO BAG PINK POLKADOT,1,2011-08-11 11:58:00,1.91,12235,United Kingdom
536238,84406B,CREAM CUPID HEARTS COAT HANGER,4,2011-05-19 20:47:00,2.76,12006,United Kingdom
536954,85123A,WHITE HANGING HEART T-LIGHT HOLDER,3,2011-09-11 09:09:00,2.49,12368,United Kingdom
536477,85123A,WHITE HANGING HEART T-LIGHT HOLDER,12,2011-04-25 10:14:00,2.66,12347,Germany
536478,84406B,CREAM CUPID HEARTS COAT HANGER,3,2010-12-12 10:53:00,2.65,12140,United Kingdom
536957,22114,HOT WATER BOTTLE TEA AND SYMPATHY,5,2011-05-23 11:19:00,3.44,12381,United Kingdom
536239,85099C,JUMBO BAG BAROQUE BLACK WHITE,2,2011-11-30 09:07:00,2.09,12194,United Kingdom
536319,84029E,RED WOOLLY HOTTIE WHITE HEART,36,2011-05-12 17:27:00,3.33,12047,France
536320,22633,HAND WARMER UNION JACK,1,2011-02-15 13:15:00,1.95,12129,Netherlands
536240,22961,JAM MAKING SET PRINTED,10,2011-03-18 19:05:00,1.53,12066,United Kingdom
536320,84029E,RED WOOLLY HOTTIE WHITE HEART,2,2011-08-13 16:29:00,3.53,12538,United Kingdom
536240,22086,PAPER CHAIN KIT 50'S CHRISTMAS,5,2011-07-31 12:37:00,2.73,12037,United Kingdom
536241,22386,JUMBO BAG PINK POLKADOT,4,2011-03-31 14:13:00,2.08,12160,Belgium
536965,84029E,RED WOOLLY HOTTIE WHITE HEART,4,2011-02-07 20:05:00,3.45,12235,United Kingdom
536322,21730,GLASS STAR FROSTED T-LIGHT HOLDER,5,2011-07-07 15:29:00,4.24,12509,United Kingdom
536483,84029E,RED WOOLLY HOTTIE WHITE HEART,6,2011-07-15 11:16:00,3.38,12084,United Kingdom
536968,21730,GLASS STAR FROSTED T-LIGHT HOLDER,2,2011-04-21 11:06:00,4.24,12205,United Kingdom
536323,22086,PAPER CHAIN KIT 50'S CHRISTMAS,10,2011-05-04 19:52:00,2.7,12195,France
536323,22961,JAM MAKING SET PRINTED,3,2010-12-05 20:19:00,1.44,12413,Norway
536971,22114,HOT WATER BOTTLE TEA AND SYMPATHY,48,2011-07-30 18:32:00,3.7,12407,United Kingdom
536486,22086,PAPER CHAIN KIT 50'S CHRISTMAS,6,2011-07-31 11:33:00,2.61,12479,France
536973,22752,SET 7 BABUSHKA NESTING BOXES,10,2011-05-10 11:27:00,7.96,12214,United Kingdom
536974,22114,HOT WATER BOTTLE TEA AND SYMPATHY,12,2011-06-10 10:36:00,3.41,12009,United Kingdom
536325,22632,HAND WARMER RED POLKA DOT,5,2011-05-23 11:26:00,1.94,12306,United Kingdom
536976,85123A,WHITE HANGING HEART T-LIGHT HOLDER,6,2011-02-10 10:21:00,2.69,12400,Italy
536244,71053,WHITE METAL LANTERN,2,2011-01-02 16:24:00,3.27,12462,United Kingdom
536489,84029G,KNITTED UNION FLAG HOT WATER BOTTLE,2,2011-01-23 18:35:00,3.58,12500,United Kingdom
536244,71053,WHITE METAL LANTERN,3,2011-04-25 11:14:00,3.45,12465,United Kingdom
536490,22633,HAND WARMER UNION JACK,2,2011-05-17 14:25:00,1.78,12549,United Kingdom
536245,22086,PAPER CHAIN KIT 50'S CHRISTMAS,3,2011-03-16 10:55:00,2.57,12486,United Kingdom
536327,22633,HAND WARMER UNION JACK,8,2011-09-27 11:32:00,1.87,12206,United Kingdom
536983,71053,WHITE METAL LANTERN,3,2011-06-23 17:51:00,3.37,12502,United Kingdom
536984,22633,HAND WARMER UNION JACK,12,2011-04-27 18:56:00,1.84,12304,United Kingdom
536492,22114,HOT WATER BOTTLE TEA AND SYMPATHY,12,2011-07-01 11:11:00,3.61,12468,United Kingdom
536986,22632,HAND WARMER RED POLKA DOT,3,2011-06-20 19:02:00,1.97,12280,Netherlands
536987,22633,HAND WARMER UNION JACK,12,2011-11-23 19:46:00,1.98,12421,Italy
536329,22633,HAND WARMER UNION JACK,6,2011-01-09 20:06:00,1.94,12419,United Kingdom
536989,84406B,CREAM CUPID HEARTS COAT HANGER,6,2011-07-25 08:04:00,2.85,12472,United Kingdom
536495,21258,VICTORIAN SEWING BOX LARGE,3,2011-06-22 08:00:00,11.41,12139,United Kingdom
536247,21258,VICTORIAN SEWING BOX LARGE,6,2011-07-25 09:05:00,10.75,12448,United Kingdom
536496,22114,HOT WATER BOTTLE TEA AND SYMPATHY,2,2011-02-26 08:38:00,3.41,12547,France
536993,71053,WHITE METAL LANTERN,5,2011-11-12 12:09:00,3.3,12035,Spain
536248,22633,HAND WARMER UNION JACK,6,2011-11-22 08:53:00,1.88,12105,United Kingdom
536995,84029G,KNITTED UNION FLAG HOT WATER BOTTLE,10,2011-10-03 08:03:00,3.56,12255,United Kingdom
536996,84406B,CREAM CUPID HEARTS COAT HANGER,48,2010-12-09 14:01:00,2.73,12196,United Kingdom
536997,85123A,WHITE HANGING HEART T-LIGHT HOLDER,2,2011-11-06 10:46:00,2.56,12110,Germany
536499,84029G,KNITTED UNION FLAG HOT WATER BOTTLE,6,2011-10-16 11:59:00,3.63,12123,United Kingdom
536333,85123A,WHITE HANGING HEART T-LIGHT HOLDER,6,2011-02-27 08:25:00,2.43,12217,United Kingdom
536333,85123A,WHITE HANGING HEART T-LIGHT HOLDER,1,2011-10-29 17:23:00,2.72,12420,United Kingdom
537001,22632,HAND WARMER RED POLKA DOT,48,2011-11-30 16:50:00,1.96,12175,United Kingdom
536334,85123A,WHITE HANGING HEART T-LIGHT HOLDER,8,2011-10-20 19:24:00,2.74,12136,United Kingdom
536334,22632,HAND WARMER RED POLKA DOT,4,2011-11-07 15:04:00,1.9,12459,United Kingdom
536502,22632,HAND WARMER RED POLKA DOT,48,2011-08-15 17:45:00,1.81,12127,United Kingdom
536502,22086,PAPER CHAIN KIT 50'S CHRISTMAS,2,2011-10-14 09:03:00,2.59,12206,United Kingdom
537006,71053,WHITE METAL LANTERN,48,2011-04-01 19:38:00,3.42,12336,United Kingdom
537007,84029G,KNITTED UNION FLAG HOT WATER BOTTLE,6,2011-08-24 20:26:00,3.35,12024,United Kingdom
536336,22086,PAPER CHAIN KIT 50'S CHRISTMAS,1,2011-04-04 11:34:00,2.73,12254,Germany
536504,22086,PAPER CHAIN KIT 50'S CHRISTMAS,4,2011-10-08 14:33:00,2.57,12006,United Kingdom
536505,21730,GLASS STAR FROSTED T-LIGHT HOLDER,24,2010-12-27 18:09:00,4.11,12177,United Kingdom
536505,22114,HOT WATER BOTTLE TEA AND SYMPATHY,5,2011-03-31 16:05:00,3.49,12168,France
536506,84406B,CREAM CUPID HEARTS COAT HANGER,3,2011-10-07 11:19:00,2.77,12206,United Kingdom
537013,21258,VICTORIAN SEWING BOX LARGE,2,2011-06-03 14:24:00,11.03,12517,United Kingdom
536507,22752,SET 7 BABUSHKA NESTING BOXES,4,2011-08-04 08:48:00,8.12,12307,United Kingdom
536507,71053,WHITE METAL LANTERN,4,2011-04-11 14:29:00,3.35,12492,United Kingdom
536254,71053,WHITE METAL LANTERN,2,2011-03-11 10:58:00,3.23,12512,France
536254,84029E,RED WOOLLY HOTTIE WHITE HEART,4,2011-07-01 14:47:00,3.44,12072,United Kingdom
537018,85123A,WHITE HANGING HEART T-LIGHT HOLDER,2,2011-06-16 17:10:00,2.57,12261,France
536339,21258,VICTORIAN SEWING BOX LARGE,6,2011-08-18 19:31:00,10.93,12059,United Kingdom
536510,85099C,JUMBO BAG BAROQUE BLACK WHITE,12,2011-04-04 15:02:00,1.94,12028,United Kingdom
536340,22632,HAND WARMER RED POLKA DOT,2,2011-10-06 15:43:00,1.82,12165,United Kingdom
536255,21258,VICTORIAN SEWING BOX LARGE,36,2011-06-22 19:37:00,10.52,12193,Netherlands
536255,71053,WHITE METAL LANTERN,6,2011-04-09 19:19:00,3.46,12391,United Kingdom
537024,22086,PAPER CHAIN KIT 50'S CHRISTMAS,10,2011-01-25 18:36:00,2.54,12146,United Kingdom
536256,84406B,CREAM CUPID HEARTS COAT HANGER,48,2011-11-23 12:00:00,2.9,12001,United Kingdom
536256,21258,VICTORIAN SEWING BOX LARGE,3,2011-08-26 14:41:00,11.02,12180,United Kingdom
536513,22086,PAPER CHAIN KIT 50'S CHRISTMAS,24,2011-08-07 10:32:00,2.57,12217,United Kingdom
536514,85123A,WHITE HANGING HEART T-LIGHT HOLDER,12,2011-03-09 12:57:00,2.57,12111,Netherlands
536343,71053,WHITE METAL LANTERN,3,2011-01-13 14:07:00,3.37,12240,United Kingdom
537030,22086,PAPER CHAIN KIT 50'S CHRISTMAS,8,2010-12-05 08:17:00,2.42,12042,United Kingdom
537031,22633,HAND WARMER UNION JACK,48,2011-06-11 17:33:00,1.94,12497,United Kingdom
536258,84029E,RED WOOLLY HOTTIE WHITE HEART,12,2011-05-22 13:43:00,3.66,12245,Norway
536258,22632,HAND WARMER RED POLKA DOT,12,2011-10-09 08:22:00,1.95,12003,United Kingdom
536517,22086,PAPER CHAIN KIT 50'S CHRISTMAS,12,2010-12-14 17:07:00,2.52,12254,United Kingdom
536258,22632,HAND WARMER RED POLKA DOT,2,2011-08-21 14:42:00,1.99,12329,United Kingdom
537036,84029E,RED WOOLLY HOTTIE WHITE HEART,3,2011-05-16 18:28:00,3.43,12083,United Kingdom
536259,85099C,JUMBO BAG BAROQUE BLACK WHITE,2,2011-11-03 19:57:00,1.95,12199,France
537038,22386,JUMBO BAG PINK POLKADOT,2,2011-02-04 15:50:00,2.06,12478,United Kingdom
537039,22752,SET 7 BABUSHKA NESTING BOXES,3,2011-08-04 18:34:00,7.48,12091,United Kingdom
537040,22961,JAM MAKING SET PRINTED,4,2011-02-21 13:57:00,1.43,12263,United Kingdom
537041,85099C,JUMBO BAG BAROQUE BLACK WHITE,6,2011-11-06 10:59:00,2.04,12092,Germany
536521,84029G,KNITTED UNION FLAG HOT WATER BOTTLE,6,2011-09-21 20:59:00,3.5,12386,Spain
536260,22086,PAPER CHAIN KIT 50'S CHRISTMAS,6,2011-10-31 18:50:00,2.71,12238,United Kingdom
537044,85123A,WHITE HANGING HEART T-LIGHT HOLDER,8,2011-01-27 09:21:00,2.73,12118,United Kingdom
536348,71053,WHITE METAL LANTERN,1,2011-06-13 17:47:00,3.25,12548,United Kingdom
536261,84029E,RED WOOLLY HOTTIE WHITE HEART,10,2011-05-13 20:23:00,3.63,12129,United Kingdom
536523,22632,HAND WARMER RED POLKA DOT,6,2011-01-24 14:00:00,1.87,12148,Germany
536524,84029G,KNITTED UNION FLAG HOT WATER BOTTLE,2,2011-08-13 18:29:00,3.35,12035,United Kingdom
537049,84029G,KNITTED UNION FLAG HOT WATER BOTTLE,5,2011-04-20 19:36:00,3.59,12506,United Kingdom
537050,22961,JAM MAKING SET PRINTED,8,2011-05-20 10:52:00,1.54,12230,France
536525,85123A,WHITE HANGING HEART T-LIGHT HOLDER,4,2011-08-07 19:25:00,2.69,12163,Italy
536350,22633,HAND WARMER UNION JACK,48,2011-07-05 18:30:00,1.94,12400,United Kingdom
536351,22086,PAPER CHAIN KIT 50'S CHRISTMAS,12,2011-11-22 11:44:00,2.55,12134,United Kingdom
537054,22114,HOT WATER BOTTLE TEA AND SYMPATHY,6,2011-11-29 12:29:00,3.54,12452,United Kingdom
536527,84029G,KNITTED UNION FLAG HOT WATER BOTTLE,8,2011-03-18 11:51:00,3.54,12009,United Kingdom
537056,22386,JUMBO BAG PINK POLKADOT,2,2011-11-13 20:54:00,2.09,12437,United Kingdom
537057,71053,WHITE METAL LANTERN,2,2011-01-19 13:30:00,3.24,12527,United Kingdom
536529,22632,HAND WARMER RED POLKA DOT,3,2011-10-18 19:25:00,1.79,12406,United Kingdom
536529,22086,PAPER CHAIN KIT 50'S CHRISTMAS,10,2011-10-31 19:24:00,2.75,12091,France
536265,22386,JUMBO BAG PINK POLKADOT,5,2011-04-20 18:41:00,1.86,12119,United Kingdom
536530,21730,GLASS STAR FROSTED T-LIGHT HOLDER,48,2010-12-12 17:36:00,4.3,12096,Germany
536265,71053,WHITE METAL LANTERN,4,2011-10-27 19:27:00,3.28,12333,United Kingdom
536531,22386,JUMBO BAG PINK POLKADOT,5,2011-06-26 19:01:00,2.06,12542,United Kingdom
537064,22633,HAND WARMER UNION JACK,2,2011-03-17 18:57:00,1.96,12184,United Kingdom
536355,22752,SET 7 BABUSHKA NESTING BOXES,6,2011-02-01 08:08:00,7.92,12089,United Kingdom
537066,22114,HOT WATER BOTTLE TEA AND SYMPATHY,4,2011-01-13 09:32:00,3.71,12175,United Kingdom
537067,85099C,JUMBO BAG BAROQUE BLACK WHITE,24,2011-04-07 12:02:00,1.98,12300,United Kingdom
536267,22752,SET 7 BABUSHKA NESTING BOXES,12,2011-11-21 13:33:00,8.26,12522,United Kingdom
537069,85123A,WHITE HANGING HEART T-LIGHT HOLDER,2,2011-04-01 08:12:00,2.71,12220,Norway
536535,22632,HAND WARMER RED POLKA DOT,2,2011-09-29 13:17:00,1.91,12076,United Kingdom
536535,84406B,CREAM CUPID HEARTS COAT HANGER,24,2011-06-23 15:05:00,2.85,12146,United Kingdom
536357,85123A,WHITE HANGING HEART T-LIGHT HOLDER,2,2011-10-21 19:41:00,2.55,12523,United Kingdom
536536,22752,SET 7 BABUSHKA NESTING BOXES,4,2011-05-11 20:27:00,8.23,12253,United Kingdom
537074,71053,WHITE METAL LANTERN,1,2011-11-16 16:26:00,3.5,12371,Spain
536537,21258,VICTORIAN SEWING BOX LARGE,2,2011-03-26 12:00:00,11.8,12227,United Kingdom
537076,85123A,WHITE HANGING HEART T-LIGHT HOLDER,12,2011-02-28 16:46:00,2.62,12501,United Kingdom
536359,84029E,RED WOOLLY HOTTIE WHITE HEART,2,2011-09-09 12:38:00,3.24,12325,Norway
536359,84029E,RED WOOLLY HOTTIE WHITE HEART,6,2011-11-13 20:34:00,3.61,12412,United Kingdom
537079,71053,WHITE METAL LANTERN,2,2011-11-17 16:45:00,3.28,12387,United Kingdom
536360,84029G,KNITTED UNION FLAG HOT WATER BOTTLE,8,2011-11-28 20:15:00,3.4,12468,United Kingdom
536270,22961,JAM MAKING SET PRINTED,24,2011-08-15 12:17:00,1.48,12234,United Kingdom
536360,22386,JUMBO BAG PINK POLKADOT,12,2011-06-27 20:20:00,2.01,12078,France
536541,85099C,JUMBO BAG BAROQUE BLACK WHITE,8,2011-09-21 08:05:00,1.99,12504,Germany
536271,85123A,WHITE HANGING HEART T-LIGHT HOLDER,8,2011-11-12 16:59:00,2.58,12527,United Kingdom
537085,22086,PAPER CHAIN KIT 50'S CHRISTMAS,2,2011-06-26 08:39:00,2.7,12007,France
536362,22086,PAPER CHAIN KIT 50'S CHRISTMAS,24,2011-04-05 19:42:00,2.7,12540,United Kingdom
536271,85123A,WHITE HANGING HEART T-LIGHT HOLDER,12,2011-02-25 18:59:00,2.6,12230,United Kingdom
536544,84029E,RED WOOLLY HOTTIE WHITE HEART,5,2011-08-21 13:03:00,3.39,12382,Portugal
536544,84029E,RED WOOLLY HOTTIE WHITE HEART,2,2011-09-03 20:54:00,3.35,12300,United Kingdom
536272,85123A,WHITE HANGING HEART T-LIGHT HOLDER,24,2011-03-22 12:59:00,2.64,12036,Belgium
536272,22386,JUMBO BAG PINK POLKADOT,6,2010-12-30 13:00:00,1.94,12362,United Kingdom
536546,84029E,RED WOOLLY HOTTIE WHITE HEART,2,2011-06-24 13:00:00,3.44,12086,United Kingdom
536273,22386,JUMBO BAG PINK POLKADOT,2,2011-02-02 15:00:00,2.02,12231,United Kingdom
536364,84029E,RED WOOLLY HOTTIE WHITE HEART,10,2011-07-08 10:34:00,3.27,12449,United Kingdom
536547,22752,SET 7 BABUSHKA NESTING BOXES,1,2011-05-31 19:27:00,8.15,12203,United Kingdom
536548,84029G,KNITTED UNION FLAG HOT WATER BOTTLE,4,2011-06-21 14:47:00,3.23,12203,Norway
536365,85099C,JUMBO BAG BAROQUE BLACK WHITE,6,2011-01-30 14:31:00,2.06,12130,United Kingdom
536274,21258,VICTORIAN SEWING BOX LARGE,8,2011-08-14 19:59:00,11.58,12134,United Kingdom
537099,85123A,WHITE HANGING HEART T-LIGHT HOLDER,6,2011-02-03 10:22:00,2.68,12242,United Kingdom
536275,22114,HOT WATER BOTTLE TEA AND SYMPATHY,5,2011-10-02 19:00:00,3.41,12497,United Kingdom
536550,22752,SET 7 BABUSHKA NESTING BOXES,3,2011-08-19 10:15:00,7.38,12269,Italy
536275,84406B,CREAM CUPID HEARTS COAT HANGER,10,2011-03-12 15:45:00,2.65,12514,United Kingdom
536551,71053,WHITE METAL LANTERN,5,2011-03-28 09:08:00,3.34,12196,Belgium
536552,22752,SET 7 BABUSHKA NESTING BOXES,5,2011-01-16 08:24:00,7.57,12236,United Kingdom
537105,22752,SET 7 BABUSHKA NESTING BOXES,1,2011-08-19 14:41:00,7.38,12372,United Kingdom
536276,84029E,RED WOOLLY HOTTIE WHITE HEART,1,2011-04-06 13:57:00,3.24,12053,United Kingdom
536369,84029G,KNITTED UNION FLAG HOT WATER BOTTLE,6,2011-07-30 12:58:00,3.41,12258,Norway
536369,84029E,RED WOOLLY HOTTIE WHITE HEART,1,2011-01-27 09:42:00,3.46,12133,United Kingdom
536369,22086,PAPER CHAIN KIT 50'S CHRISTMAS,4,2011-09-28 16:38:00,2.64,12215,United Kingdom
537110,85123A,WHITE HANGING HEART T-LIGHT HOLDER,6,2011-02-05 18:47:00,2.44,12195,United Kingdom
537111,22752,SET 7 BABUSHKA NESTING BOXES,4,2011-01-08 16:39:00,7.99,12206,United Kingdom
536556,71053,WHITE METAL LANTERN,8,2011-03-09 14:35:00,3.61,12355,Spain
537113,22752,SET 7 BABUSHKA NESTING BOXES,5,2011-07-12 09:30:00,8.19,12515,Germany
536371,71053,WHITE METAL LANTERN,1,2011-11-22 10:18:00,3.47,12194,France
537115,84029E,RED WOOLLY HOTTIE WHITE HEART,6,2011-02-23 15:48:00,3.47,12399,United Kingdom
536558,84029G,KNITTED UNION FLAG HOT WATER BOTTLE,3,2010-12-02 10:36:00,3.53,12525,United Kingdom
536372,22086,PAPER CHAIN KIT 50'S CHRISTMAS,8,2011-05-05 11:18:00,2.61,12175,United Kingdom
536372,22633,HAND WARMER UNION JACK,24,2010-12-21 18:09:00,1.82,12136,United Kingdom
536559,22114,HOT WATER BOTTLE TEA AND SYMPATHY,1,2011-03-18 16:07:00,3.43,12377,United Kingdom
536373,85099C,JUMBO BAG BAROQUE BLACK WHITE,6,2011-02-07 14:57:00,1.93,12058,United Kingdom
536373,85123A,WHITE HANGING HEART T-LIGHT HOLDER,2,2011-03-23 19:17:00,2.74,12108,France
536374,22086,PAPER CHAIN KIT 50'S CHRISTMAS,6,2011-10-17 18:38:00,2.69,12225,United Kingdom
536280,71053,WHITE METAL LANTERN,8,2011-02-18 15:14:00,3.41,12151,Spain
536562,85123A,WHITE HANGING HEART T-LIGHT HOLDER,12,2011-07-24 10:52:00,2.49,12502,Norway
536375,71053,WHITE METAL LANTERN,12,2010-12-11 12:10:00,3.58,12192,United Kingdom
536563,85123A,WHITE HANGING HEART T-LIGHT HOLDER,2,2011-07-21 18:25:00,2.6,12012,United Kingdom
537127,84029E,RED WOOLLY HOTTIE WHITE HEART,10,2011-01-26 08:48:00,3.63,12135,United Kingdom
536564,85123A,WHITE HANGING HEART T-LIGHT HOLDER,10,2011-10-18 17:00:00,2.43,12108,United Kingdom
537129,22114,HOT WATER BOTTLE TEA AND SYMPATHY,8,2011-03-14 10:30:00,3.68,12167,United Kingdom
536565,21730,GLASS STAR FROSTED T-LIGHT HOLDER,3,2010-12-29 16:44:00,4.34,12021,Germany
536377,85123A,WHITE HANGING HEART T-LIGHT HOLDER,10,2011-01-22 16:56:00,2.47,12229,United Kingdom
536566,22752,SET 7 BABUSHKA NESTING BOXES,3,2011-05-30 18:18:00,8.14,12393,United Kingdom
537133,22086,PAPER CHAIN KIT 50'S CHRISTMAS,3,2011-08-09 10:07:00,2.74,12288,United Kingdom
537134,22632,HAND WARMER RED POLKA DOT,1,2011-06-03 09:57:00,1.79,12438,United Kingdom
536283,22632,HAND WARMER RED POLKA DOT,4,2011-02-15 18:43:00,1.95,12356,Netherlands
536284,84029G,KNITTED UNION FLAG HOT WATER BOTTLE,3,2011-11-04 13:59:00,3.62,12078,Germany
536568,22386,JUMBO BAG PINK POLKADOT,2,2011-11-01 10:20:00,1.97,12489,Germany
536284,85123A,WHITE HANGING HEART T-LIGHT HOLDER,4,2011-04-22 10:05:00,2.46,12394,United Kingdom
536284,21730,GLASS STAR FROSTED T-LIGHT HOLDER,10,2011-11-21 14:38:00,4.22,12251,United Kingdom
536285,22633,HAND WARMER UNION JACK,3,2011-08-30 16:52:00,1.78,12431,United Kingdom
536570,21258,VICTORIAN SEWING BOX LARGE,4,2011-11-25 09:15:00,10.69,12017,United Kingdom
536571,21730,GLASS STAR FROSTED T-LIGHT HOLDER,4,2011-01-26 08:58:00,4.51,12142,United Kingdom
536285,71053,WHITE METAL LANTERN,3,2011-04-04 11:52:00,3.55,12120,Portugal
536286,22086,PAPER CHAIN KIT 50'S CHRISTMAS,4,2010-12-14 19:27:00,2.66,12075,United Kingdom
536572,22632,HAND WARMER RED POLKA DOT,2,2010-12-16 10:23:00,1.82,12012,United Kingdom
536573,22114,HOT WATER BOTTLE TEA AND SYMPATHY,2,2011-03-04 15:47:00,3.51,12306,United Kingdom
536286,22086,PAPER CHAIN KIT 50'S CHRISTMAS,3,2011-10-27 19:00:00,2.47,12032,United Kingdom
536574,71053,WHITE METAL LANTERN,5,2010-12-06 14:53:00,3.64,12465,United Kingdom
536383,22114,HOT WATER BOTTLE TEA AND SYMPATHY,24,2011-11-29 11:27:00,3.4,12094,United Kingdom
536575,22961,JAM MAKING SET PRINTED,1,2011-03-19 14:39:00,1.45,12079,Germany
536383,21730,GLASS STAR FROSTED T-LIGHT HOLDER,10,2011-10-31 18:25:00,4.13,12380,United Kingdom
537152,71053,WHITE METAL LANTERN,6,2011-01-23 09:23:00,3.59,12028,United Kingdom
537153,71053,WHITE METAL LANTERN,1,2011-01-03 11:38:00,3.62,12192,United Kingdom
537154,22632,HAND WARMER RED POLKA DOT,36,2011-04-03 12:05:00,1.89,12495,United Kingdom
536385,84029G,KNITTED UNION FLAG HOT WATER BOTTLE,3,2010-12-05 13:48:00,3.4,12199,United Kingdom
536385,84029E,RED WOOLLY HOTTIE WHITE HEART,2,2011-02-05 19:43:00,3.4,12515,United Kingdom
536578,22114,HOT WATER BOTTLE TEA AND SYMPATHY,4,2010-12-13 17:50:00,3.54,12038,United Kingdom
536289,71053,WHITE METAL LANTERN,24,2011-01-10 18:05:00,3.32,12220,Germany
536579,22632,HAND WARMER RED POLKA DOT,6,2011-08-14 16:46:00,1.88,12349,United Kingdom
536386,71053,WHITE METAL LANTERN,24,2011-06-03 17:54:00,3.24,12396,United Kingdom
537161,22961,JAM MAKING SET PRINTED,48,2011-02-17 17:40:00,1.4,12015,United Kingdom
537162,22386,JUMBO BAG PINK POLKADOT,4,2011-08-13 09:29:00,2.09,12165,United Kingdom
536387,22633,HAND WARMER UNION JACK,8,2011-01-15 09:11:00,1.87,12484,Portugal
536291,21258,VICTORIAN SEWING BOX LARGE,36,2011-10-29 10:07:00,11.1,12372,Netherlands
536582,84029E,RED WOOLLY HOTTIE WHITE HEART,12,2011-07-14 13:32:00,3.64,12382,United Kingdom
536291,22752,SET 7 BABUSHKA NESTING BOXES,6,2011-04-14 18:02:00,7.91,12250,United Kingdom
536583,22633,HAND WARMER UNION JACK,2,2011-01-23 12:24:00,1.85,12074,United Kingdom
537168,22386,JUMBO BAG PINK POLKADOT,6,2011-05-28 15:29:00,2.08,12476,United Kingdom
537169,71053,WHITE METAL LANTERN,3,2011-06-22 20:27:00,3.37,12324,United Kingdom
536585,22632,HAND WARMER RED POLKA DOT,2,2011-11-25 19:30:00,1.87,12159,Norway
536585,71053,WHITE METAL LANTERN,48,2011-05-13 17:02:00,3.56,12063,Belgium
536293,84029E,RED WOOLLY HOTTIE WHITE HEART,3,2011-07-31 11:03:00,3.23,12433,United Kingdom
537173,22632,HAND WARMER RED POLKA DOT,5,2011-02-11 09:17:00,1.83,12462,Netherlands
536391,22633,HAND WARMER UNION JACK,12,2011-03-05 08:05:00,1.86,12304,United Kingdom
536293,84029E,RED WOOLLY HOTTIE WHITE HEART,8,2011-08-04 15:34:00,3.29,12447,United Kingdom
536294,22086,PAPER CHAIN KIT 50'S CHRISTMAS,12,2010-12-06 16:50:00,2.49,12148,United Kingdom
536392,22961,JAM MAKING SET PRINTED,5,2010-12-08 10:57:00,1.41,12324,United Kingdom
536294,22961,JAM MAKING SET PRINTED,1,2011-04-14 16:46:00,1.46,12128,United Kingdom
537179,22632,HAND WARMER RED POLKA DOT,36,2010-12-19 11:47:00,1.86,12170,United Kingdom
536590,84406B,CREAM CUPID HEARTS COAT HANGER,24,2011-03-08 18:36:00,2.74,12372,United Kingdom
537181,22386,JUMBO BAG PINK POLKADOT,48,2011-11-24 15:41:00,1.96,12360,United Kingdom
536394,22633,HAND WARMER UNION JACK,5,2011-01-28 10:29:00,1.8,12166,United Kingdom
536295,84029E,RED WOOLLY HOTTIE WHITE HEART,6,2011-10-21 12:44:00,3.63,12101,Italy
537184,22114,HOT WATER BOTTLE TEA AND SYMPATHY,6,2011-01-15 18:01:00,3.46,12508,France
537185,22632,HAND WARMER RED POLKA DOT,6,2011-10-21 15:32:00,1.77,12296,Netherlands
536296,84406B,CREAM CUPID HEARTS COAT HANGER,2,2011-09-09 14:07:00,2.78,12127,United Kingdom
536296,22114,HOT WATER BOTTLE TEA AND SYMPATHY,10,2011-06-30 18:45:00,3.46,12383,Germany
536396,21730,GLASS STAR FROSTED T-LIGHT HOLDER,10,2011-11-03 12:19:00,4.48,12424,United Kingdom
536297,85123A,WHITE HANGING HEART T-LIGHT HOLDER,2,2010-12-17 08:01:00,2.55,12531,Germany
536396,22632,HAND WARMER RED POLKA DOT,3,2011-02-26 17:27:00,1.99,12197,United Kingdom
537191,84029E,RED WOOLLY HOTTIE WHITE HEART,24,2011-09-22 14:08:00,3.39,12177,United Kingdom
536596,84029G,KNITTED UNION FLAG HOT WATER BOTTLE,8,2011-07-12 11:06:00,3.28,12121,United Kingdom
536397,22114,HOT WATER BOTTLE TEA AND SYMPATHY,3,2011-09-10 10:20:00,3.32,12447,United Kingdom
536597,21258,VICTORIAN SEWING BOX LARGE,6,2010-12-15 17:45:00,11.79,12391,United Kingdom
536298,22086,PAPER CHAIN KIT 50'S CHRISTMAS,4,2011-10-21 18:49:00,2.5,12227,United Kingdom
536598,22633,HAND WARMER UNION JACK,6,2011-06-12 20:16:00,1.82,12147,United Kingdom
537197,22632,HAND WARMER RED POLKA DOT,6,2011-01-26 15:59:00,1.78,12289,United Kingdom
537198,71053,WHITE METAL LANTERN,10,2011-08-11 13:58:00,3.39,12502,Germany
536299,22752,SET 7 BABUSHKA NESTING BOXES,8,2011-10-17 09:13:00,7.64,12321,United Kingdom
536600,22752,SET 7 BABUSHKA NESTING BOXES,12,2011-03-03 12:00:00,7.92,12032,United Kingdom
536400,84029E,RED WOOLLY HOTTIE WHITE HEART,6,2011-08-05 17:38:00,3.29,12260,Belgium
537202,71053,WHITE METAL LANTERN,6,2011-09-01 08:33:00,3.29,12373,United Kingdom
536401,84406B,CREAM CUPID HEARTS COAT HANGER,8,2011-02-09 11:05:00,2.95,12274,United Kingdom
537204,71053,WHITE METAL LANTERN,6,2011-05-28 19:35:00,3.43,12507,United Kingdom
536602,85099C,JUMBO BAG BAROQUE BLACK WHITE,8,2011-04-08 10:12:00,2.08,12287,Portugal
536402,85123A,WHITE HANGING HEART T-LIGHT HOLDER,24,2011-02-23 20:13:00,2.58,12456,United Kingdom
536402,21258,VICTORIAN SEWING BOX LARGE,4,2011-10-15 09:38:00,10.69,12361,United Kingdom
537208,22632,HAND WARMER RED POLKA DOT,1,2011-07-19 10:56:00,1.88,12419,United Kingdom
536403,22114,HOT WATER BOTTLE TEA AND SYMPATHY,2,2011-06-22 08:07:00,3.42,12190,United Kingdom
536403,85123A,WHITE HANGING HEART T-LIGHT HOLDER,4,2011-06-09 10:49:00,2.43,12011,France
536403,84406B,CREAM CUPID HEARTS COAT HANGER,4,2011-03-30 16:04:00,2.83,12539,United Kingdom
537212,22633,HAND WARMER UNION JACK,8,2011-09-20 18:26:00,1.86,12327,United Kingdom
536303,85123A,WHITE HANGING HEART T-LIGHT HOLDER,5,2011-08-13 08:17:00,2.46,12175,United Kingdom
536607,22632,HAND WARMER RED POLKA DOT,1,2011-09-22 08:18:00,1.95,12004,Spain
536303,84029G,KNITTED UNION FLAG HOT WATER BOTTLE,6,2010-12-19 16:58:00,3.37,12016,United Kingdom
536304,85123A,WHITE HANGING HEART T-LIGHT HOLDER,8,2011-05-04 12:20:00,2.56,12320,United Kingdom
536405,85123A,WHITE HANGING HEART T-LIGHT HOLDER,12,2011-11-22 15:31:00,2.74,12124,Germany
537218,85099C,JUMBO BAG BAROQUE BLACK WHITE,10,2010-12-15 11:03:00,1.89,12330,Netherlands
536609,22086,PAPER CHAIN KIT 50'S CHRISTMAS,8,2011-02-26 09:12:00,2.69,12005,Belgium
536406,22386,JUMBO BAG PINK POLKADOT,24,2010-12-23 09:03:00,1.87,12337,United Kingdom
536305,22114,HOT WATER BOTTLE TEA AND SYMPATHY,24,2011-04-18 19:10:00,3.54,12122,United Kingdom
536305,22386,JUMBO BAG PINK POLKADOT,2,2011-10-23 15:42:00,1.99,12489,United Kingdom
536407,22961,JAM MAKING SET PRINTED,3,2011-08-05 11:05:00,1.43,12084,United Kingdom
536612,22114,HOT WATER BOTTLE TEA AND SYMPATHY,12,2011-11-03 18:47:00,3.59,12076,Portugal
537225,85123A,WHITE HANGING HEART T-LIGHT HOLDER,10,2011-11-09 11:29:00,2.48,12107,United Kingdom
536408,22114,HOT WATER BOTTLE TEA AND SYMPATHY,6,2011-05-09 19:29:00,3.66,12108,Spain
536409,84406B,CREAM CUPID HEARTS COAT HANGER,6,2011-06-16 15:55:00,2.69,12409,United Kingdom
536614,84029G,KNITTED UNION FLAG HOT WATER BOTTLE,6,2011-11-17 12:55:00,3.27,12472,Netherlands
536614,22086,PAPER CHAIN KIT 50'S CHRISTMAS,3,2010-12-09 15:11:00,2.58,12543,United Kingdom
537230,84029G,KNITTED UNION FLAG HOT WATER BOTTLE,2,2011-05-31 14:13:00,3.44,12520,United Kingdom
536410,22752,SET 7 BABUSHKA NESTING BOXES,4,2011-01-20 08:41:00,8.19,12198,United Kingdom
536410,84029E,RED WOOLLY HOTTIE WHITE HEART,6,2011-08-29 17:31:00,3.27,12051,United Kingdom
536616,85099C,JUMBO BAG BAROQUE BLACK WHITE,1,2011-01-28 08:57:00,1.92,12067,United Kingdom
536308,84029G,KNITTED UNION FLAG HOT WATER BOTTLE,3,2011-06-19 14:06:00,3.58,12274,United Kingdom
536617,71053,WHITE METAL LANTERN,8,2011-05-27 18:18:00,3.35,12003,United Kingdom
536309,21730,GLASS STAR FROSTED T-LIGHT HOLDER,2,2011-05-06 19:15:00,4.41,12170,United Kingdom
536618,22386,JUMBO BAG PINK POLKADOT,5,2010-12-07 18:30:00,1.86,12270,Netherlands
537238,71053,WHITE METAL LANTERN,6,2011-10-01 13:30:00,3.44,12253,United Kingdom
537239,85123A,WHITE HANGING HEART T-LIGHT HOLDER,10,2011-09-17 18:18:00,2.6,12171,France
537240,21258,VICTORIAN SEWING BOX LARGE,4,2011-05-05 20:47:00,11.1,12359,Italy
536310,84406B,CREAM CUPID HEARTS COAT HANGER,1,2011-04-09 13:29:00,2.74,12341,Spain
536310,21258,VICTORIAN SEWING BOX LARGE,6,2011-01-27 12:43:00,11.31,12151,Portugal
536621,22386,JUMBO BAG PINK POLKADOT,3,2011-06-01 15:01:00,2.04,12441,United Kingdom
536622,22086,PAPER CHAIN KIT 50'S CHRISTMAS,36,2011-06-12 18:06:00,2.71,12460,Italy
536622,22386,JUMBO BAG PINK POLKADOT,12,2011-04-15 18:22:00,1.95,12427,Norway
536623,84029G,KNITTED UNION FLAG HOT WATER BOTTLE,8,2010-12-22 17:33:00,3.59,12125,United Kingdom
536415,22752,SET 7 BABUSHKA NESTING BOXES,6,2011-04-27 09:00:00,7.95,12477,United Kingdom
536416,22633,HAND WARMER UNION JACK,2,2011-10-16 16:42:00,1.87,12066,Germany
537249,85123A,WHITE HANGING HEART T-LIGHT HOLDER,6,2011-03-22 12:52:00,2.44,12313,United Kingdom
537250,84029E,RED WOOLLY HOTTIE WHITE HEART,4,2010-12-26 12:08:00,3.35,12514,United Kingdom
536625,21258,VICTORIAN SEWING BOX LARGE,2,2011-01-14 19:17:00,11.45,12442,United Kingdom
536626,85123A,WHITE HANGING HEART T-LIGHT HOLDER,4,2010-12-17 15:59:00,2.69,12395,United Kingdom
537253,22961,JAM MAKING SET PRINTED,4,2011-04-13 12:38:00,1.48,12330,Germany
536627,71053,WHITE METAL LANTERN,6,2011-04-08 10:26:00,3.35,12087,United Kingdom
536313,85099C,JUMBO BAG BAROQUE BLACK WHITE,10,2011-09-06 10:24:00,2.06,12098,United Kingdom
536418,22752,SET 7 BABUSHKA NESTING BOXES,4,2011-08-15 18:45:00,7.62,12477,United Kingdom
537257,22752,SET 7 BABUSHKA NESTING BOXES,5,2011-09-13 08:49:00,8.02,12309,Germany
536419,22633,HAND WARMER UNION JACK,12,2011-02-04 17:34:00,1.97,12054,France
536314,84029E,RED WOOLLY HOTTIE WHITE HEART,10,2011-11-09 08:29:00,3.61,12471,Germany
536420,85123A,WHITE HANGING HEART T-LIGHT HOLDER,6,2011-10-29 09:21:00,2.69,12493,United Kingdom
537261,22386,JUMBO BAG PINK POLKADOT,8,2011-09-26 18:32:00,1.87,12209,United Kingdom
536315,22633,HAND WARMER UNION JACK,8,2011-02-08 11:57:00,1.96,12308,United Kingdom
537263,22086,PAPER CHAIN KIT 50'S CHRISTMAS,3,2011-08-06 17:44:00,2.44,12156,United Kingdom
537264,71053,WHITE METAL LANTERN,5,2011-04-06 11:06:00,3.59,12454,United Kingdom
536421,85099C,JUMBO BAG BAROQUE BLACK WHITE,10,2011-06-26 15:11:00,2.07,12266,Germany
537266,22086,PAPER CHAIN KIT 50'S CHRISTMAS,1,2011-07-10 10:40:00,2.47,12246,United Kingdom
536633,22086,PAPER CHAIN KIT 50'S CHRISTMAS,3,2011-08-01 15:18:00,2.46,12504,United Kingdom
536317,84029G,KNITTED UNION FLAG HOT WATER BOTTLE,5,2011-11-23 20:06:00,3.58,12151,United Kingdom
536317,22752,SET 7 BABUSHKA NESTING BOXES,1,2010-12-06 17:19:00,7.91,12455,United Kingdom
536635,22386,JUMBO BAG PINK POLKADOT,3,2011-07-28 19:29:00,2.1,12366,United Kingdom
536635,22386,JUMBO BAG PINK POLKADOT,4,2011-05-28 19:33:00,1.87,12155,United Kingdom
536424,22086,PAPER CHAIN KIT 50'S CHRISTMAS,10,2011-07-24 19:54:00,2.51,12310,Belgium
536318,85123A,WHITE HANGING HEART T-LIGHT HOLDER,6,2011-06-11 15:38:00,2.61,12519,France
536637,22633,HAND WARMER UNION JACK,24,2011-11-23 13:37:00,1.84,12413,United Kingdom
536637,85123A,WHITE HANGING HEART T-LIGHT HOLDER,2,2011-03-29 09:42:00,2.73,12487,United Kingdom
536638,84406B,CREAM CUPID HEARTS COAT HANGER,12,2011-01-23 10:46:00,2.88,12430,Belgium
536425,85123A,WHITE HANGING HEART T-LIGHT HOLDER,8,2011-01-28 08:54:00,2.57,12383,United Kingdom
536639,22114,HOT WATER BOTTLE TEA AND SYMPATHY,5,2011-05-14 09:44:00,3.34,12204,United Kingdom
536426,21730,GLASS STAR FROSTED T-LIGHT HOLDER,2,2011-03-26 11:47:00,4.49,12196,United Kingdom
537280,85123A,WHITE HANGING HEART T-LIGHT HOLDER,2,2011-03-15 08:51:00,2.42,12417,United Kingdom
536427,22386,JUMBO BAG PINK POLKADOT,24,2011-03-05 18:46:00,2.04,12540,United Kingdom
536320,22114,HOT WATER BOTTLE TEA AND SYMPATHY,6,2011-08-14 13:22:00,3.53,12141,Germany
536320,22752,SET 7 BABUSHKA NESTING BOXES,2,2011-01-06 17:05:00,7.78,12103,United Kingdom
536428,84406B,CREAM CUPID HEARTS COAT HANGER,24,2010-12-12 11:52:00,2.94,12257,United Kingdom
536642,84029E,RED WOOLLY HOTTIE WHITE HEART,6,2011-04-27 09:34:00,3.6,12512,United Kingdom
537286,22632,HAND WARMER RED POLKA DOT,12,2011-09-25 15:59:00,1.82,12030,United Kingdom
536643,22752,SET 7 BABUSHKA NESTING BOXES,2,2011-05-21 20:03:00,7.81,12337,Belgium
537288,22632,HAND WARMER RED POLKA DOT,10,2011-03-31 15:04:00,1.89,12036,United Kingdom
536322,85123A,WHITE HANGING HEART T-LIGHT HOLDER,24,2011-10-03 19:39:00,2.72,12490,Norway
537290,84029G,KNITTED UNION FLAG HOT WATER BOTTLE,6,2011-01-23 08:31:00,3.51,12441,United Kingdom
536645,21258,VICTORIAN SEWING BOX LARGE,10,2010-12-11 08:01:00,11.56,12547,United Kingdom
537292,84029E,RED WOOLLY HOTTIE WHITE HEART,4,2011-09-09 15:03:00,3.39,12128,United Kingdom
536646,22752,SET 7 BABUSHKA NESTING BOXES,12,2011-01-29 15:07:00,8.24,12376,United Kingdom
537294,84029E,RED WOOLLY HOTTIE WHITE HEART,6,2011-04-01 11:05:00,3.32,12549,United Kingdom
537295,22961,JAM MAKING SET PRINTED,1,2011-04-07 08:04:00,1.46,12289,United Kingdom
536648,84029E,RED WOOLLY HOTTIE WHITE HEART,5,2011-04-29 10:38:00,3.51,12078,United Kingdom
536648,85099C,JUMBO BAG BAROQUE BLACK WHITE,10,2011-08-11 19:47:00,2.08,12225,United Kingdom
536432,84029G,KNITTED UNION FLAG HOT WATER BOTTLE,6,2011-09-09 12:55:00,3.45,12273,United Kingdom
537299,22633,HAND WARMER UNION JACK,5,2010-12-28 13:57:00,1.99,12497,United Kingdom
536650,71053,WHITE METAL LANTERN,8,2011-08-24 11:19:00,3.31,12381,France
537301,22114,HOT WATER BOTTLE TEA AND SYMPATHY,6,2011-03-31 19:28:00,3.48,12116,United Kingdom
536434,22114,HOT WATER BOTTLE TEA AND SYMPATHY,4,2011-04-22 17:24:00,3.71,12061,United Kingdom
536325,22632,HAND WARMER RED POLKA DOT,5,2010-12-10 14:24:00,1.81,12388,United Kingdom
537304,22752,SET 7 BABUSHKA NESTING BOXES,6,2011-11-04 12:02:00,7.61,12026,Spain
536435,21258,VICTORIAN SEWING BOX LARGE,6,2011-04-14 20:48:00,11.48,12349,France
536326,22632,HAND WARMER RED POLKA DOT,6,2010-12-30 20:06:00,1.99,12294,Netherlands
536326,85099C,JUMBO BAG BAROQUE BLACK WHITE,6,2011-07-06 17:46:00,1.98,12166,Portugal
536654,21730,GLASS STAR FROSTED T-LIGHT HOLDER,10,2011-02-06 08:17:00,4.56,12087,Italy
536436,21258,VICTORIAN SEWING BOX LARGE,1,2011-05-22 17:25:00,10.79,12275,United Kingdom
537310,22114,HOT WATER BOTTLE TEA AND SYMPATHY,6,2011-02-02 12:36:00,3.65,12183,United Kingdom
537311,85123A,WHITE HANGING HEART T-LIGHT HOLDER,5,2011-07-27 08:22:00,2.7,12223,United Kingdom
537312,22633,HAND WARMER UNION JACK,4,2011-04-21 17:35:00,1.77,12184,United Kingdom
536437,22114,HOT WATER BOTTLE TEA AND SYMPATHY,6,2011-08-11 10:14:00,3.34,12050,United Kingdom
536657,22632,HAND WARMER RED POLKA DOT,5,2011-11-16 16:55:00,1.83,12233,United Kingdom
536438,22086,PAPER CHAIN KIT 50'S CHRISTMAS,12,2011-04-11 08:43:00,2.7,12045,United Kingdom
537316,84029E,RED WOOLLY HOTTIE WHITE HEART,6,2011-08-17 15:07:00,3.32,12333,United Kingdom
536329,22114,HOT WATER BOTTLE TEA AND SYMPATHY,12,2011-01-06 18:27:00,3.34,12334,United Kingdom
536329,84029E,RED WOOLLY HOTTIE WHITE HEART,24,2011-10-30 13:30:00,3.35,12031,United Kingdom
536659,85123A,WHITE HANGING HEART T-LIGHT HOLDER,6,2011-09-29 08:06:00,2.69,12523,France
536440,22086,PAPER CHAIN KIT 50'S CHRISTMAS,6,2011-03-21 14:53:00,2.64,12153,United Kingdom
537321,22961,JAM MAKING SET PRINTED,6,2011-01-09 11:36:00,1.49,12428,United Kingdom
537322,71053,WHITE METAL LANTERN,6,2011-10-07 15:42:00,3.41,12275,United Kingdom
536661,22633,HAND WARMER UNION JACK,10,2011-05-18 11:51:00,1.84,12466,United Kingdom
536662,22961,JAM MAKING SET PRINTED,5,2011-07-16 19:56:00,1.39,12517,United Kingdom
536331,84029E,RED WOOLLY HOTTIE WHITE HEART,10,2011-10-06 11:28:00,3.32,12128,Belgium
536331,84406B,CREAM CUPID HEARTS COAT HANGER,2,2011-11-11 17:42:00,2.71,12293,United Kingdom
536331,85123A,WHITE HANGING HEART T-LIGHT HOLDER,6,2011-07-04 16:09:00,2.63,12202,Spain
537328,22386,JUMBO BAG PINK POLKADOT,3,2011-02-24 09:26:00,1.99,12481,France
537329,71053,WHITE METAL LANTERN,2,2011-07-09 08:44:00,3.25,12527,Netherlands
536332,85099C,JUMBO BAG BAROQUE BLACK WHITE,8,2011-05-31 10:25:00,1.91,12300,United Kingdom
536443,22386,JUMBO BAG PINK POLKADOT,2,2011-09-29 17:39:00,2.04,12075,France
536333,84029E,RED WOOLLY HOTTIE WHITE HEART,8,2011-06-28 18:28:00,3.41,12488,France
537333,22086,PAPER CHAIN KIT 50'S CHRISTMAS,6,2011-02-16 08:37:00,2.65,12464,United Kingdom
536444,22752,SET 7 BABUSHKA NESTING BOXES,6,2011-01-19 11:19:00,7.32,12530,Spain
536333,22633,HAND WARMER UNION JACK,4,2011-04-26 13:24:00,1.8,12146,United Kingdom
536668,85099C,JUMBO BAG BAROQUE BLACK WHITE,6,2011-07-09 16:17:00,2.01,12101,United Kingdom
536445,71053,WHITE METAL LANTERN,3,2011-04-20 15:28:00,3.3,12265,Italy
536669,21258,VICTORIAN SEWING BOX LARGE,2,2011-11-07 12:09:00,11.19,12520,France
537339,85123A,WHITE HANGING HEART T-LIGHT HOLDER,2,2011-09-03 16:51:00,2.58,12026,United Kingdom
536335,84029G,KNITTED UNION FLAG HOT WATER BOTTLE,10,2011-07-16 16:08:00,3.35,12112,France
537341,85099C,JUMBO BAG BAROQUE BLACK WHITE,3,2011-07-16 14:31:00,2.07,12285,France
536447,85123A,WHITE HANGING HEART T-LIGHT HOLDER,3,2011-01-10 19:50:00,2.45,12160,United Kingdom
537343,84029G,KNITTED UNION FLAG HOT WATER BOTTLE,12,2011-11-27 19:20:00,3.24,12102,Belgium
536448,22114,HOT WATER BOTTLE TEA AND SYMPATHY,10,2011-03-08 16:42:00,3.56,12008,United Kingdom
536672,22633,HAND WARMER UNION JACK,5,2011-11-10 11:16:00,1.87,12191,France
536673,84029G,KNITTED UNION FLAG HOT WATER BOTTLE,12,2011-10-22 09:33:00,3.55,12003,United Kingdom
536673,21730,GLASS STAR FROSTED T-LIGHT HOLDER,5,2011-11-29 10:02:00,4.18,12389,United Kingdom
536449,84406B,CREAM CUPID HEARTS COAT HANGER,24,2011-08-05 16:42:00,2.93,12237,Netherlands
536337,22632,HAND WARMER RED POLKA DOT,4,2011-10-19 14:38:00,1.87,12098,United Kingdom
536450,85099C,JUMBO BAG BAROQUE BLACK WHITE,3,2011-07-03 15:20:00,1.96,12180,United Kingdom
537351,84029G,KNITTED UNION FLAG HOT WATER BOTTLE,8,2011-05-27 19:25:00,3.56,12495,Germany
536338,22386,JUMBO BAG PINK POLKADOT,3,2011-11-17 11:01:00,1.98,12418,United Kingdom
536451,21258,VICTORIAN SEWING BOX LARGE,4,2011-11-11 13:26:00,11.03,12408,United Kingdom
536338,85123A,WHITE HANGING HEART T-LIGHT HOLDER,10,2011-03-23 13:40:00,2.52,12419,United Kingdom
536677,22386,JUMBO BAG PINK POLKADOT,6,2011-10-17 09:39:00,1.89,12020,Norway
536339,85123A,WHITE HANGING HEART T-LIGHT HOLDER,4,2011-01-16 20:45:00,2.54,12064,United Kingdom
536452,22633,HAND WARMER UNION JACK,10,2011-09-01 11:10:00,1.85,12234,United Kingdom
536452,71053,WHITE METAL LANTERN,6,2011-05-19 14:13:00,3.33,12013,United Kingdom
537359,85123A,WHITE HANGING HEART T-LIGHT HOLDER,5,2011-08-14 14:50:00,2.47,12308,United Kingdom
536680,22632,HAND WARMER RED POLKA DOT,2,2010-12-18 12:47:00,1.95,12410,United Kingdom
536453,22086,PAPER CHAIN KIT 50'S CHRISTMAS,6,2011-01-13 09:04:00,2.66,12425,United Kingdom
536681,22086,PAPER CHAIN KIT 50'S CHRISTMAS,10,2011-01-18 19:37:00,2.49,12319,Germany
537363,22752,SET 7 BABUSHKA NESTING BOXES,3,2011-05-04 12:29:00,7.53,12482,United Kingdom
536682,22752,SET 7 BABUSHKA NESTING BOXES,5,2011-06-27 16:17:00,8.17,12546,United Kingdom
536341,84029E,RED WOOLLY HOTTIE WHITE HEART,6,2011-06-20 13:48:00,3.27,12229,United Kingdom
536683,85123A,WHITE HANGING HEART T-LIGHT HOLDER,6,2011-07-17 13:30:00,2.64,12340,United Kingdom
537367,22632,HAND WARMER RED POLKA DOT,3,2011-01-18 16:10:00,1.98,12255,United Kingdom
536342,84029E,RED WOOLLY HOTTIE WHITE HEART,6,2011-08-25 19:53:00,3.32,12505,United Kingdom
536456,84029G,KNITTED UNION FLAG HOT WATER BOTTLE,8,2011-02-16 08:20:00,3.48,12005,United Kingdom
536342,84406B,CREAM CUPID HEARTS COAT HANGER,24,2011-09-06 15:20:00,2.7,12472,France
537371,22633,HAND WARMER UNION JACK,1,2011-01-23 14:44:00,1.79,12013,United Kingdom
536686,21258,VICTORIAN SEWING BOX LARGE,36,2011-03-12 15:55:00,10.46,12434,United Kingdom
536343,22632,HAND WARMER RED POLKA DOT,6,2011-02-10 19:55:00,1.85,12303,United Kingdom
536458,22961,JAM MAKING SET PRINTED,12,2011-08-25 13:39:00,1.48,12169,United Kingdom
536687,22633,HAND WARMER UNION JACK,6,2011-10-11 19:23:00,1.82,12473,United Kingdom
536688,84029G,KNITTED UNION FLAG HOT WATER BOTTLE,10,2011-02-23 16:45:00,3.22,12426,United Kingdom
537377,21730,GLASS STAR FROSTED T-LIGHT HOLDER,3,2011-05-09 19:12:00,4.09,12469,United Kingdom
536344,85123A,WHITE HANGING HEART T-LIGHT HOLDER,4,2011-10-01 10:04:00,2.61,12231,United Kingdom
536689,85123A,WHITE HANGING HEART T-LIGHT HOLDER,12,2011-04-20 12:52:00,2.56,12313,United Kingdom
536460,21258,VICTORIAN SEWING BOX LARGE,6,2011-09-14 16:41:00,10.51,12156,United Kingdom
536690,84406B,CREAM CUPID HEARTS COAT HANGER,2,2011-04-14 17:06:00,2.8,12392,United Kingdom
536460,21258,VICTORIAN SEWING BOX LARGE,5,2011-10-12 18:58:00,10.64,12237,Italy
536691,85123A,WHITE HANGING HEART T-LIGHT HOLDER,12,2011-02-12 10:30:00,2.53,12053,United Kingdom
536346,22114,HOT WATER BOTTLE TEA AND SYMPATHY,4,2011-11-06 15:20:00,3.62,12246,United Kingdom
536346,84029E,RED WOOLLY HOTTIE WHITE HEART,4,2011-11-27 15:22:00,3.45,12543,United Kingdom
536693,22632,HAND WARMER RED POLKA DOT,3,2011-02-24 18:53:00,1.79,12447,United Kingdom
536462,21730,GLASS STAR FROSTED T-LIGHT HOLDER,12,2011-11-16 09:35:00,4.4,12182,United Kingdom
536347,84029E,RED WOOLLY HOTTIE WHITE HEART,5,2011-11-09 13:46:00,3.49,12195,United Kingdom
537389,71053,WHITE METAL LANTERN,6,2011-03-11 15:23:00,3.22,12317,United Kingdom
536463,22386,JUMBO BAG PINK POLKADOT,3,2011-08-15 08:38:00,2.02,12490,United Kingdom
536463,22961,JAM MAKING SET PRINTED,36,2011-04-20 18:03:00,1.53,12482,Italy
536348,22632,HAND WARMER RED POLKA DOT,12,2011-02-27 15:47:00,1.94,12106,United Kingdom
536696,85123A,WHITE HANGING HEART T-LIGHT HOLDER,12,2011-11-27 19:11:00,2.47,12429,Germany
536348,71053,WHITE METAL LANTERN,4,2011-10-23 19:03:00,3.6,12284,Italy
537395,71053,WHITE METAL LANTERN,12,2011-05-20 18:54:00,3.62,12173,Spain
536465,22633,HAND WARMER UNION JACK,5,2011-08-22 08:42:00,1.96,12062,United Kingdom
536698,22114,HOT WATER BOTTLE TEA AND SYMPATHY,5,2011-04-16 09:11:00,3.4,12203,United Kingdom
537398,22752,SET 7 BABUSHKA NESTING BOXES,4,2011-05-09 12:35:00,7.61,12088,United Kingdom
537399,22752,SET 7 BABUSHKA NESTING BOXES,2,2011-01-16 10:46:00,7.58,12020,France
536700,22114,HOT WATER BOTTLE TEA AND SYMPATHY,2,2011-10-23 13:29:00,3.6,12252,United Kingdom
536700,22086,PAPER CHAIN KIT 50'S CHRISTMAS,4,2011-02-06 12:03:00,2.52,12285,United Kingdom
536701,84029G,KNITTED UNION FLAG HOT WATER BOTTLE,3,2011-03-07 12:56:00,3.65,12265,United Kingdom
536350,84029G,KNITTED UNION FLAG HOT WATER BOTTLE,4,2011-05-31 17:23:00,3.5,12460,Germany
536702,22086,PAPER CHAIN KIT 50'S CHRISTMAS,2,2010-12-19 17:24:00,2.61,12444,United Kingdom
536468,22114,HOT WATER BOTTLE TEA AND SYMPATHY,36,2011-03-17 13:44:00,3.52,12275,United Kingdom
536468,21258,VICTORIAN SEWING BOX LARGE,1,2011-03-22 15:16:00,10.57,12190,United Kingdom
536469,21730,GLASS STAR FROSTED T-LIGHT HOLDER,6,2011-06-09 17:24:00,4.54,12330,France
537408,22632,HAND WARMER RED POLKA DOT,4,2011-02-20 14:30:00,1.91,12102,United Kingdom
536704,84029E,RED WOOLLY HOTTIE WHITE HEART,8,2011-07-28 16:11:00,3.41,12467,United Kingdom
536352,22086,PAPER CHAIN KIT 50'S CHRISTMAS,8,2011-07-31 11:16:00,2.62,12494,United Kingdom
536705,84029G,KNITTED UNION FLAG HOT WATER BOTTLE,5,2011-08-17 09:26:00,3.34,12410,United Kingdom
536706,71053,WHITE METAL LANTERN,24,2011-05-03 17:44:00,3.31,12142,United Kingdom
537413,84029G,KNITTED UNION FLAG HOT WATER BOTTLE,10,2011-01-16 12:50:00,3.57,12469,United Kingdom
536707,22752,SET 7 BABUSHKA NESTING BOXES,4,2011-03-13 10:19:00,7.45,12208,United Kingdom
536707,22086,PAPER CHAIN KIT 50'S CHRISTMAS,10,2011-11-16 16:54:00,2.42,12163,United Kingdom
536354,21730,GLASS STAR FROSTED T-LIGHT HOLDER,5,2011-11-23 11:58:00,4.25,12474,France
537417,21258,VICTORIAN SEWING BOX LARGE,8,2011-06-17 10:20:00,10.59,12334,Spain
536354,22114,HOT WATER BOTTLE TEA AND SYMPATHY,1,2011-10-02 14:34:00,3.5,12027,United Kingdom
536709,22632,HAND WARMER RED POLKA DOT,6,2011-06-07 13:21:00,1.76,12407,Spain
536710,22632,HAND WARMER RED POLKA DOT,3,2011-08-13 11:02:00,1.86,12347,United Kingdom
536710,71053,WHITE METAL LANTERN,8,2011-04-25 12:24:00,3.43,12267,Norway
536711,22752,SET 7 BABUSHKA NESTING BOXES,10,2011-06-22 18:33:00,7.73,12084,United Kingdom
536355,22086,PAPER CHAIN KIT 50'S CHRISTMAS,2,2010-12-07 10:20:00,2.59,12465,United Kingdom
536356,22632,HAND WARMER RED POLKA DOT,4,2011-07-05 20:03:00,1.82,12118,United Kingdom
536356,22114,HOT WATER BOTTLE TEA AND SYMPATHY,5,2011-08-15 13:49:00,3.43,12547,Portugal
536713,85123A,WHITE HANGING HEART T-LIGHT HOLDER,4,2011-07-06 16:48:00,2.65,12153,United Kingdom
536475,85099C,JUMBO BAG BAROQUE BLACK WHITE,6,2011-03-12 16:52:00,2.07,12445,United Kingdom
537428,84029G,KNITTED UNION FLAG HOT WATER BOTTLE,1,2011-08-08 15:23:00,3.48,12378,United Kingdom
536476,84029E,RED WOOLLY HOTTIE WHITE HEART,2,2010-12-13 16:17:00,3.38,12017,United Kingdom
537430,84029G,KNITTED UNION FLAG HOT WATER BOTTLE,8,2011-10-02 09:22:00,3.45,12405,United Kingdom
537431,85123A,WHITE HANGING HEART T-LIGHT HOLDER,6,2011-02-03 19:09:00,2.57,12281,United Kingdom
536716,22752,SET 7 BABUSHKA NESTING BOXES,1,2011-08-26 17:29:00,7.59,12039,United Kingdom
537433,22961,JAM MAKING SET PRINTED,2,2011-06-14 16:46:00,1.55,12309,United Kingdom
536478,85123A,WHITE HANGING HEART T-LIGHT HOLDER,2,2011-10-31 19:56:00,2.72,12119,Germany
536478,22633,HAND WARMER UNION JACK,12,2011-10-12 16:34:00,1.82,12050,United Kingdom
536359,21730,GLASS STAR FROSTED T-LIGHT HOLDER,10,2011-04-20 19:44:00,4.19,12046,United Kingdom
536479,22386,JUMBO BAG PINK POLKADOT,3,2011-04-19 08:26:00,2.05,12132,United Kingdom
536479,22752,SET 7 BABUSHKA NESTING BOXES,1,2011-01-19 11:14:00,7.59,12065,United Kingdom
536359,22086,PAPER CHAIN KIT 50'S CHRISTMAS,6,2011-09-28 14:40:00,2.6,12487,Belgium
536480,85123A,WHITE HANGING HEART T-LIGHT HOLDER,5,2011-05-13 13:52:00,2.58,12510,United Kingdom
536360,22086,PAPER CHAIN KIT 50'S CHRISTMAS,6,2011-04-10 14:02:00,2.61,12080,United Kingdom
536480,22633,HAND WARMER UNION JACK,48,2011-01-12 11:47:00,1.85,12298,France
536360,22752,SET 7 BABUSHKA NESTING BOXES,6,2010-12-16 10:39:00,7.89,12441,United Kingdom
536481,21258,VICTORIAN SEWING BOX LARGE,48,2011-09-11 19:31:00,10.94,12134,United Kingdom
537445,85099C,JUMBO BAG BAROQUE BLACK WHITE,3,2011-01-19 14:13:00,1.88,12296,United Kingdom
536361,71053,WHITE METAL LANTERN,8,2011-09-08 14:22:00,3.4,12285,United Kingdom
537447,84029E,RED WOOLLY HOTTIE WHITE HEART,8,2011-11-06 18:40:00,3.36,12548,United Kingdom
536362,84406B,CREAM CUPID HEARTS COAT HANGER,3,2011-08-11 20:29:00,2.94,12160,Belgium
536483,71053,WHITE METAL LANTERN,4,2010-12-02 16:53:00,3.42,12176,United Kingdom
536362,85123A,WHITE HANGING HEART T-LIGHT HOLDER,6,2011-07-03 14:12:00,2.63,12141,United Kingdom
537451,21730,GLASS STAR FROSTED T-LIGHT HOLDER,5,2011-10-03 17:46:00,4.05,12255,United Kingdom
537452,22632,HAND WARMER RED POLKA DOT,6,2011-06-08 08:47:00,1.95,12398,United Kingdom
536726,22386,JUMBO BAG PINK POLKADOT,12,2011-07-23 13:46:00,1.9,12204,United Kingdom
537454,84029G,KNITTED UNION FLAG HOT WATER BOTTLE,5,2011-03-16 17:29:00,3.52,12454,Italy
536363,22114,HOT WATER BOTTLE TEA AND SYMPATHY,10,2011-08-14 18:07:00,3.65,12163,United Kingdom
537456,22086,PAPER CHAIN KIT 50'S CHRISTMAS,8,2010-12-04 19:02:00,2.56,12532,Italy
537457,22386,JUMBO BAG PINK POLKADOT,8,2011-07-02 12:56:00,1.88,12546,France
537458,22752,SET 7 BABUSHKA NESTING BOXES,10,2011-04-29 20:25:00,7.99,12040,United Kingdom
536364,22086,PAPER CHAIN KIT 50'S CHRISTMAS,2,2011-07-08 20:07:00,2.7,12114,France
536486,84029E,RED WOOLLY HOTTIE WHITE HEART,5,2011-02-11 11:50:00,3.34,12337,United Kingdom
536365,85123A,WHITE HANGING HEART T-LIGHT HOLDER,4,2011-04-05 20:16:00,2.65,12338,Germany
536487,22086,PAPER CHAIN KIT 50'S CHRISTMAS,2,2011-10-01 08:48:00,2.6,12026,United Kingdom
536487,84029E,RED WOOLLY HOTTIE WHITE HEART,24,2011-12-01 12:19:00,3.29,12312,United Kingdom
536488,22752,SET 7 BABUSHKA NESTING BOXES,8,2011-02-18 19:51:00,7.41,12299,Netherlands
536732,84406B,CREAM CUPID HEARTS COAT HANGER,4,2010-12-15 11:37:00,2.82,12265,United Kingdom
536366,21730,GLASS STAR FROSTED T-LIGHT HOLDER,2,2011-08-02 17:57:00,4.23,12159,United Kingdom
536489,21730,GLASS STAR FROSTED T-LIGHT HOLDER,2,2011-06-12 15:41:00,4.33,12179,United Kingdom
537468,84029E,RED WOOLLY HOTTIE WHITE HEART,3,2011-05-25 11:19:00,3.29,12122,United Kingdom
536367,84029E,RED WOOLLY HOTTIE WHITE HEART,1,2011-09-18 18:58:00,3.55,12536,Spain
536490,22086,PAPER CHAIN KIT 50'S CHRISTMAS,6,2011-11-06 08:25:00,2.74,12519,United Kingdom
537471,22633,HAND WARMER UNION JACK,6,2010-12-29 15:36:00,1.82,12187,United Kingdom
536736,22632,HAND WARMER RED POLKA DOT,5,2011-03-27 19:45:00,1.77,12272,United Kingdom
536736,85123A,WHITE HANGING HEART T-LIGHT HOLDER,4,2011-01-02 10:33:00,2.49,12249,United Kingdom
536368,22633,HAND WARMER UNION JACK,10,2011-01-20 16:56:00,1.83,12074,United Kingdom
537475,85123A,WHITE HANGING HEART T-LIGHT HOLDER,6,2011-08-01 11:06:00,2.49,12498,United Kingdom
536369,85123A,WHITE HANGING HEART T-LIGHT HOLDER,5,2011-01-27 19:56:00,2.64,12467,Italy
536369,84406B,CREAM CUPID HEARTS COAT HANGER,6,2011-10-04 12:31:00,2.73,12494,United Kingdom
536492,85099C,JUMBO BAG BAROQUE BLACK WHITE,4,2011-04-15 16:15:00,2.02,12515,United Kingdom
536739,22752,SET 7 BABUSHKA NESTING BOXES,12,2011-08-07 08:20:00,7.77,12507,United Kingdom
536370,85123A,WHITE HANGING HEART T-LIGHT HOLDER,24,2011-11-10 12:06:00,2.57,12187,United Kingdom
536740,85123A,WHITE HANGING HEART T-LIGHT HOLDER,4,2011-03-20 12:32:00,2.68,12483,United Kingdom
536741,84029G,KNITTED UNION FLAG HOT WATER BOTTLE,4,2011-09-19 18:09:00,3.31,12405,Germany
536741,22114,HOT WATER BOTTLE TEA AND SYMPATHY,6,2011-05-16 16:30:00,3.63,12275,United Kingdom
536494,84406B,CREAM CUPID HEARTS COAT HANGER,4,2011-06-08 10:19:00,2.74,12322,United Kingdom
536371,22752,SET 7 BABUSHKA NESTING BOXES,24,2011-07-02 08:48:00,7.32,12418,United Kingdom
536371,22114,HOT WATER BOTTLE TEA AND SYMPATHY,8,2011-04-20 08:52:00,3.37,12262,United Kingdom
536495,84029E,RED WOOLLY HOTTIE WHITE HEART,4,2011-07-07 20:24:00,3.47,12204,Germany
536372,22632,HAND WARMER RED POLKA DOT,3,2011-04-20 09:04:00,1.84,12491,Norway
537489,22632,HAND WARMER RED POLKA DOT,24,2011-11-03 14:44:00,1.93,12255,United Kingdom
536372,22632,HAND WARMER RED POLKA DOT,6,2010-12-31 09:03:00,1.82,12378,United Kingdom
536372,84029G,KNITTED UNION FLAG HOT WATER BOTTLE,4,2011-02-07 19:04:00,3.56,12423,Germany
536497,22386,JUMBO BAG PINK POLKADOT,2,2011-09-20 11:35:00,1.91,12266,United Kingdom
537493,22114,HOT WATER BOTTLE TEA AND SYMPATHY,1,2011-02-10 20:49:00,3.63,12321,Norway
536373,84029E,RED WOOLLY HOTTIE WHITE HEART,5,2011-03-20 10:20:00,3.42,12341,United Kingdom
536498,22961,JAM MAKING SET PRINTED,24,2011-04-10 17:47:00,1.4,12420,United Kingdom
537496,22114,HOT WATER BOTTLE TEA AND SYMPATHY,48,2011-08-28 08:58:00,3.45,12447,Italy
536499,85099C,JUMBO BAG BAROQUE BLACK WHITE,6,2011-09-02 15:18:00,2.01,12077,United Kingdom
537498,22961,JAM MAKING SET PRINTED,6,2011-08-30 10:51:00,1.54,12479,United Kingdom
537499,22961,JAM MAKING SET PRINTED,3,2011-11-16 14:52:00,1.46,12155,United Kingdom
536500,85123A,WHITE HANGING HEART T-LIGHT HOLDER,8,2011-07-21 16:49:00,2.69,12442,Netherlands
536500,84029E,RED WOOLLY HOTTIE WHITE HEART,4,2010-12-04 17:53:00,3.22,12330,United Kingdom
536751,84406B,CREAM CUPID HEARTS COAT HANGER,4,2011-09-26 18:49:00,2.78,12205,France
536501,22633,HAND WARMER UNION JACK,10,2011-09-22 10:12:00,1.81,12185,United Kingdom
537504,22633,HAND WARMER UNION JACK,24,2011-02-04 16:22:00,1.84,12322,Belgium
536752,22632,HAND WARMER RED POLKA DOT,48,2011-05-05 10:27:00,1.81,12222,France
536376,85123A,WHITE HANGING HEART T-LIGHT HOLDER,5,2011-02-02 14:01:00,2.67,12213,United Kingdom
536376,22752,SET 7 BABUSHKA NESTING BOXES,4,2011-03-12 11:49:00,8.08,12095,Portugal
537508,21730,GLASS STAR FROSTED T-LIGHT HOLDER,2,2011-02-22 20:13:00,4.31,12366,France
536754,84029G,KNITTED UNION FLAG HOT WATER BOTTLE,6,2011-03-18 09:51:00,3.43,12520,United Kingdom
537510,22752,SET 7 BABUSHKA NESTING BOXES,5,2011-06-13 20:26:00,8.12,12363,United Kingdom
537511,84029G,KNITTED UNION FLAG HOT WATER BOTTLE,3,2011-07-11 18:19:00,3.53,12399,Netherlands
536504,85123A,WHITE HANGING HEART T-LIGHT HOLDER,2,2011-10-28 13:02:00,2.51,12009,United Kingdom
536378,71053,WHITE METAL LANTERN,10,2010-12-20 08:38:00,3.6,12300,United Kingdom
536757,22752,SET 7 BABUSHKA NESTING BOXES,24,2011-07-03 10:11:00,8.23,12185,United Kingdom
536757,85099C,JUMBO BAG BAROQUE BLACK WHITE,4,2010-12-16 15:13:00,2.01,12271,United Kingdom
537516,85123A,WHITE HANGING HEART T-LIGHT HOLDER,5,2011-05-19 08:56:00,2.67,12147,Spain
536379,85123A,WHITE HANGING HEART T-LIGHT HOLDER,2,2011-10-03 19:33:00,2.46,12357,Spain
537518,85123A,WHITE HANGING HEART T-LIGHT HOLDER,48,2011-01-27 15:29:00,2.71,12549,United Kingdom
537519,22386,JUMBO BAG PINK POLKADOT,12,2011-05-09 15:30:00,1.92,12330,United Kingdom
537520,84029E,RED WOOLLY HOTTIE WHITE HEART,10,2011-08-02 15:47:00,3.47,12128,United Kingdom
536760,71053,WHITE METAL LANTERN,8,2011-03-26 18:05:00,3.54,12289,Netherlands
536761,85123A,WHITE HANGING HEART T-LIGHT HOLDER,6,2011-04-08 10:46:00,2.53,12473,United Kingdom
536507,22633,HAND WARMER UNION JACK,4,2011-02-06 13:27:00,1.79,12035,France
537524,22114,HOT WATER BOTTLE TEA AND SYMPATHY,2,2011-03-12 10:00:00,3.29,12243,United Kingdom
536381,84029G,KNITTED UNION FLAG HOT WATER BOTTLE,6,2011-08-05 13:12:00,3.58,12415,United Kingdom
536508,84406B,CREAM CUPID HEARTS COAT HANGER,8,2011-09-06 15:07:00,2.85,12526,Belgium
536763,84029E,RED WOOLLY HOTTIE WHITE HEART,12,2011-04-10 13:51:00,3.56,12467,United Kingdom
536509,22632,HAND WARMER RED POLKA DOT,10,2011-08-23 12:04:00,1.86,12026,Portugal
536764,71053,WHITE METAL LANTERN,6,2011-07-23 09:07:00,3.35,12355,United Kingdom
537530,22752,SET 7 BABUSHKA NESTING BOXES,10,2011-08-16 10:25:00,8.15,12523,United Kingdom
536765,22114,HOT WATER BOTTLE TEA AND SYMPATHY,8,2010-12-09 11:46:00,3.51,12155,United Kingdom
537532,22633,HAND WARMER UNION JACK,3,2011-08-30 13:34:00,1.99,12543,United Kingdom
536766,71053,WHITE METAL LANTERN,6,2011-10-22 18:54:00,3.59,12155,United Kingdom
536383,85099C,JUMBO BAG BAROQUE BLACK WHITE,24,2011-03-14 12:03:00,2.09,12303,United Kingdom
536383,22633,HAND WARMER UNION JACK,2,2011-08-01 15:20:00,1.98,12000,United Kingdom
536512,22086,PAPER CHAIN KIT 50'S CHRISTMAS,6,2011-03-17 19:39:00,2.44,12420,United Kingdom
536768,21730,GLASS STAR FROSTED T-LIGHT HOLDER,2,2011-04-04 14:50:00,4.27,12198,United Kingdom
536769,84029E,RED WOOLLY HOTTIE WHITE HEART,5,2011-04-21 10:57:00,3.54,12155,United Kingdom
536513,71053,WHITE METAL LANTERN,2,2011-05-17 08:40:00,3.36,12105,France
536770,22632,HAND WARMER RED POLKA DOT,10,2011-11-04 15:19:00,1.89,12465,United Kingdom
536513,22386,JUMBO BAG PINK POLKADOT,10,2011-04-19 08:24:00,1.92,12477,United Kingdom
536385,71053,WHITE METAL LANTERN,2,2011-04-29 11:33:00,3.66,12371,United Kingdom
536385,22114,HOT WATER BOTTLE TEA AND SYMPATHY,1,2011-11-25 14:26:00,3.32,12286,Germany
536514,22086,PAPER CHAIN KIT 50'S CHRISTMAS,5,2011-10-24 16:21:00,2.7,12365,United Kingdom
536386,85123A,WHITE HANGING HEART T-LIGHT HOLDER,3,2011-04-04 17:31:00,2.57,12272,United Kingdom
536386,21258,VICTORIAN SEWING BOX LARGE,6,2011-09-14 17:53:00,11.27,12391,United Kingdom
537547,85123A,WHITE HANGING HEART T-LIGHT HOLDER,36,2011-09-21 09:07:00,2.5,12431,Germany
537548,22086,PAPER CHAIN KIT 50'S CHRISTMAS,5,2011-05-27 18:50:00,2.58,12535,United Kingdom
536387,84029E,RED WOOLLY HOTTIE WHITE HEART,6,2011-11-08 08:13:00,3.23,12336,United Kingdom
537550,85099C,JUMBO BAG BAROQUE BLACK WHITE,10,2011-07-22 12:22:00,1.94,12254,United Kingdom
536517,22114,HOT WATER BOTTLE TEA AND SYMPATHY,3,2011-07-23 19:40:00,3.63,12214,United Kingdom
536517,22386,JUMBO BAG PINK POLKADOT,10,2011-06-24 20:22:00,1.9,12511,Netherlands
536776,84029G,KNITTED UNION FLAG HOT WATER BOTTLE,12,2011-05-12 12:06:00,3.26,12415,United Kingdom
536777,21730,GLASS STAR FROSTED T-LIGHT HOLDER,12,2011-06-14 11:16:00,4.31,12345,Germany
536777,22386,JUMBO BAG PINK POLKADOT,2,2011-02-25 13:01:00,2.0,12518,France
536778,22633,HAND WARMER UNION JACK,1,2011-06-22 17:44:00,1.78,12414,Netherlands
536519,71053,WHITE METAL LANTERN,2,2011-08-30 13:25:00,3.39,12300,United Kingdom
536519,22961,JAM MAKING SET PRINTED,1,2011-03-26 15:52:00,1.48,12280,United Kingdom
536779,84406B,CREAM CUPID HEARTS COAT HANGER,6,2011-04-05 11:28:00,2.69,12012,United Kingdom
536390,22961,JAM MAKING SET PRINTED,6,2011-07-13 14:35:00,1.48,12422,United Kingdom
536390,22633,HAND WARMER UNION JACK,12,2011-10-18 17:56:00,1.85,12267,France
536520,22961,JAM MAKING SET PRINTED,12,2011-07-09 13:23:00,1.55,12327,United Kingdom
536781,85123A,WHITE HANGING HEART T-LIGHT HOLDER,10,2011-05-14 19:15:00,2.61,12098,Italy
536391,22114,HOT WATER BOTTLE TEA AND SYMPATHY,10,2011-09-01 13:06:00,3.55,12356,France
536782,22632,HAND WARMER RED POLKA DOT,10,2011-07-27 12:36:00,1.87,12448,United Kingdom
536783,22752,SET 7 BABUSHKA NESTING BOXES,6,2010-12-12 16:28:00,7.32,12355,United Kingdom
537567,22086,PAPER CHAIN KIT 50'S CHRISTMAS,24,2011-11-15 13:04:00,2.51,12258,Norway
536392,22086,PAPER CHAIN KIT 50'S CHRISTMAS,24,2011-07-09 19:48:00,2.75,12220,United Kingdom
536523,84029G,KNITTED UNION FLAG HOT WATER BOTTLE,10,2011-05-19 11:36:00,3.44,12416,United Kingdom
536523,22633,HAND WARMER UNION JACK,8,2010-12-04 17:03:00,1.84,12122,France
537571,85123A,WHITE HANGING HEART T-LIGHT HOLDER,2,2011-08-29 14:46:00,2.49,12183,Germany
536393,85123A,WHITE HANGING HEART T-LIGHT HOLDER,2,2011-01-31 13:05:00,2.56,12396,Germany
536393,84029E,RED WOOLLY HOTTIE WHITE HEART,2,2011-02-09 13:11:00,3.38,12440,Netherlands
536787,21730,GLASS STAR FROSTED T-LIGHT HOLDER,3,2011-04-13 14:12:00,4.58,12083,United Kingdom
536525,21258,VICTORIAN SEWING BOX LARGE,48,2010-12-11 17:03:00,10.49,12382,United Kingdom
537576,85123A,WHITE HANGING HEART T-LIGHT HOLDER,4,2010-12-03 13:24:00,2.69,12383,Netherlands
536788,85099C,JUMBO BAG BAROQUE BLACK WHITE,2,2011-10-22 17:31:00,1.91,12353,United Kingdom
536789,22086,PAPER CHAIN KIT 50'S CHRISTMAS,2,2011-10-04 13:36:00,2.57,12181,United Kingdom
536394,22114,HOT WATER BOTTLE TEA AND SYMPATHY,24,2010-12-16 17:02:00,3.68,12123,Germany
536526,84029G,KNITTED UNION FLAG HOT WATER BOTTLE,2,2011-01-25 13:43:00,3.45,12102,United Kingdom
536527,22632,HAND WARMER RED POLKA DOT,10,2011-07-21 18:35:00,1.95,12119,United Kingdom
536791,85123A,WHITE HANGING HEART T-LIGHT HOLDER,24,2011-06-06 10:15:00,2.59,12413,United Kingdom
536395,85123A,WHITE HANGING HEART T-LIGHT HOLDER,10,2011-11-03 19:48:00,2.46,12532,United Kingdom
536396,22632,HAND WARMER RED POLKA DOT,3,2011-09-06 18:12:00,1.79,12202,United Kingdom
536396,22632,HAND WARMER RED POLKA DOT,6,2011-07-11 14:05:00,1.88,12329,United Kingdom
536528,22632,HAND WARMER RED POLKA DOT,3,2011-08-12 20:49:00,1.92,12056,United Kingdom
537587,85123A,WHITE HANGING HEART T-LIGHT HOLDER,12,2011-05-07 17:47:00,2.6,12321,France
537588,22633,HAND WARMER UNION JACK,4,2011-05-05 14:12:00,1.89,12444,France
536794,22633,HAND WARMER UNION JACK,8,2011-08-18 13:43:00,1.98,12101,United Kingdom
536795,71053,WHITE METAL LANTERN,8,2011-11-30 13:04:00,3.44,12015,United Kingdom
537591,84029E,RED WOOLLY HOTTIE WHITE HEART,3,2011-04-28 08:57:00,3.58,12338,Italy
536796,22961,JAM MAKING SET PRINTED,2,2011-06-09 14:02:00,1.49,12264,Netherlands
536531,22752,SET 7 BABUSHKA NESTING BOXES,12,2011-03-15 18:47:00,7.67,12010,United Kingdom
536531,22752,SET 7 BABUSHKA NESTING BOXES,3,2011-03-08 20:31:00,7.28,12404,United Kingdom
536797,21258,VICTORIAN SEWING BOX LARGE,1,2011-11-05 19:14:00,10.57,12162,Spain
536798,21730,GLASS STAR FROSTED T-LIGHT HOLDER,24,2011-09-01 13:10:00,4.18,12407,United Kingdom
536532,84029G,KNITTED UNION FLAG HOT WATER BOTTLE,5,2011-01-25 20:07:00,3.61,12206,Norway
536399,22633,HAND WARMER UNION JACK,48,2011-03-13 10:33:00,1.87,12111,United Kingdom
536399,85123A,WHITE HANGING HEART T-LIGHT HOLDER,8,2011-03-05 09:48:00,2.44,12446,United Kingdom
536800,22752,SET 7 BABUSHKA NESTING BOXES,1,2011-07-15 17:49:00,8.2,12193,France
537601,22086,PAPER CHAIN KIT 50'S CHRISTMAS,4,2011-09-18 08:09:00,2.74,12179,United Kingdom
537602,71053,WHITE METAL LANTERN,24,2011-06-19 14:09:00,3.44,12230,United Kingdom
536400,71053,WHITE METAL LANTERN,12,2010-12-13 15:04:00,3.49,12294,United Kingdom
536534,71053,WHITE METAL LANTERN,1,2010-12-30 09:43:00,3.45,12017,United Kingdom
536535,71053,WHITE METAL LANTERN,12,2011-06-08 08:09:00,3.52,12006,United Kingdom
536401,22633,HAND WARMER UNION JACK,3,2011-09-17 09:54:00,1.91,12075,United Kingdom
536401,22114,HOT WATER BOTTLE TEA AND SYMPATHY,3,2011-09-19 18:24:00,3.55,12460,Spain
536402,84406B,CREAM CUPID HEARTS COAT HANGER,36,2011-10-10 12:22:00,2.84,12490,Spain
536536,71053,WHITE METAL LANTERN,6,2011-03-25 10:18:00,3.3,12397,Italy
536536,22386,JUMBO BAG PINK POLKADOT,4,2010-12-11 14:51:00,1.86,12420,France
536805,22633,HAND WARMER UNION JACK,6,2011-06-24 10:53:00,1.81,12415,United Kingdom
536403,22752,SET 7 BABUSHKA NESTING BOXES,4,2011-07-16 14:29:00,7.59,12408,United Kingdom
536806,22633,HAND WARMER UNION JACK,6,2011-03-22 19:12:00,1.99,12372,Spain
536403,22633,HAND WARMER UNION JACK,3,2011-06-10 18:19:00,1.79,12111,United Kingdom
536403,22752,SET 7 BABUSHKA NESTING BOXES,4,2010-12-27 11:13:00,8.15,12393,Belgium
536404,22752,SET 7 BABUSHKA NESTING BOXES,4,2010-12-13 19:13:00,7.93,12279,Italy
536808,22086,PAPER CHAIN KIT 50'S CHRISTMAS,10,2011-10-25 14:36:00,2.49,12421,United Kingdom
536809,84406B,CREAM CUPID HEARTS COAT HANGER,24,2011-08-07 13:39:00,2.83,12036,United Kingdom
537619,22114,HOT WATER BOTTLE TEA AND SYMPATHY,12,2010-12-11 08:58:00,3.3,12092,United Kingdom
536810,22386,JUMBO BAG PINK POLKADOT,10,2011-02-16 11:19:00,1.94,12323,United Kingdom
536405,22114,HOT WATER BOTTLE TEA AND SYMPATHY,3,2011-05-23 19:11:00,3.32,12163,Spain
536405,71053,WHITE METAL LANTERN,6,2011-01-30 16:58:00,3.29,12480,United Kingdom
536811,84029G,KNITTED UNION FLAG HOT WATER BOTTLE,12,2011-01-28 18:09:00,3.26,12040,United Kingdom
536406,84029E,RED WOOLLY HOTTIE WHITE HEART,1,2011-08-02 10:49:00,3.52,12371,Belgium
536812,22633,HAND WARMER UNION JACK,24,2011-07-18 08:31:00,1.89,12347,Italy
537626,22386,JUMBO BAG PINK POLKADOT,4,2011-03-01 10:39:00,1.95,12153,United Kingdom
536813,85099C,JUMBO BAG BAROQUE BLACK WHITE,8,2011-10-21 13:18:00,2.09,12085,United Kingdom
536407,22961,JAM MAKING SET PRINTED,6,2010-12-09 17:57:00,1.56,12373,Netherlands
536543,71053,WHITE METAL LANTERN,4,2011-08-24 08:31:00,3.29,12244,France
536407,84406B,CREAM CUPID HEARTS COAT HANGER,8,2011-05-22 08:17:00,2.88,12469,United Kingdom
537631,84029G,KNITTED UNION FLAG HOT WATER BOTTLE,8,2011-02-05 17:00:00,3.23,12389,United Kingdom
536408,21730,GLASS STAR FROSTED T-LIGHT HOLDER,3,2010-12-19 19:43:00,4.24,12375,Germany
536408,22114,HOT WATER BOTTLE TEA AND SYMPATHY,2,2011-06-27 19:21:00,3.43,12267,United Kingdom
536544,21730,GLASS STAR FROSTED T-LIGHT HOLDER,8,2011-01-12 15:58:00,4.48,12326,Netherlands
537635,22386,JUMBO BAG PINK POLKADOT,2,2011-02-04 20:48:00,1.87,12382,United Kingdom
536818,22633,HAND WARMER UNION JACK,8,2011-01-14 09:00:00,1.93,12349,Netherlands
536818,22632,HAND WARMER RED POLKA DOT,36,2011-09-25 18:55:00,1.91,12338,Germany
537638,85123A,WHITE HANGING HEART T-LIGHT HOLDER,3,2010-12-29 19:08:00,2.67,12083,United Kingdom
537639,22086,PAPER CHAIN KIT 50'S CHRISTMAS,8,2010-12-02 14:50:00,2.49,12081,United Kingdom
536820,22632,HAND WARMER RED POLKA DOT,48,2011-08-01 11:45:00,1.9,12190,United Kingdom
537641,22086,PAPER CHAIN KIT 50'S CHRISTMAS,1,2011-07-15 10:32:00,2.48,12202,United Kingdom
536821,22386,JUMBO BAG PINK POLKADOT,8,2011-11-24 09:44:00,1.9,12329,France
536410,84406B,CREAM CUPID HEARTS COAT HANGER,6,2011-10-22 17:18:00,2.79,12292,United Kingdom
536548,84406B,CREAM CUPID HEARTS COAT HANGER,6,2011-04-03 16:00:00,2.96,12257,United Kingdom
537645,71053,WHITE METAL LANTERN,12,2011-01-02 15:22:00,3.25,12440,United Kingdom
536411,21258,VICTORIAN SEWING BOX LARGE,2,2010-12-07 19:43:00,11.24,12370,United Kingdom
537647,22632,HAND WARMER RED POLKA DOT,10,2011-09-18 12:46:00,1.87,12491,United Kingdom
536412,84029G,KNITTED UNION FLAG HOT WATER BOTTLE,2,2011-05-10 16:47:00,3.48,12043,United Kingdom
536412,22752,SET 7 BABUSHKA NESTING BOXES,24,2011-05-16 20:54:00,7.67,12475,United Kingdom
536412,71053,WHITE METAL LANTERN,2,2011-07-03 08:55:00,3.36,12152,United Kingdom
536825,85123A,WHITE HANGING HEART T-LIGHT HOLDER,3,2011-02-16 17:11:00,2.43,12483,United Kingdom
537652,84029E,RED WOOLLY HOTTIE WHITE HEART,4,2011-08-12 14:10:00,3.64,12284,United Kingdom
536413,21730,GLASS STAR FROSTED T-LIGHT HOLDER,2,2011-07-10 14:54:00,4.57,12061,United Kingdom
536551,85123A,WHITE HANGING HEART T-LIGHT HOLDER,3,2011-11-27 15:38:00,2.5,12506,Germany
537655,22752,SET 7 BABUSHKA NESTING BOXES,4,2011-05-07 18:10:00,7.58,12439,United Kingdom
536552,22632,HAND WARMER RED POLKA DOT,10,2011-05-24 19:23:00,1.97,12378,United Kingdom
537657,21730,GLASS STAR FROSTED T-LIGHT HOLDER,3,2011-07-17 13:26:00,4.56,12239,Spain
536414,22386,JUMBO BAG PINK POLKADOT,6,2011-04-23 16:21:00,1.94,12199,Spain
536829,22961,JAM MAKING SET PRINTED,3,2011-11-28 17:39:00,1.53,12500,United Kingdom
536553,22386,JUMBO BAG PINK POLKADOT,8,2011-08-19 09:24:00,2.01,12083,United Kingdom
536553,22752,SET 7 BABUSHKA NESTING BOXES,10,2011-01-04 15:24:00,8.05,12282,France
537662,84029E,RED WOOLLY HOTTIE WHITE HEART,6,2011-07-31 11:14:00,3.36,12494,United Kingdom
536554,22114,HOT WATER BOTTLE TEA AND SYMPATHY,12,2011-08-06 13:38:00,3.37,12192,Norway
537664,22632,HAND WARMER RED POLKA DOT,8,2011-05-01 19:03:00,1.8,12516,United Kingdom
536416,22114,HOT WATER BOTTLE TEA AND SYMPATHY,3,2011-11-24 08:19:00,3.34,12025,United Kingdom
536416,22632,HAND WARMER RED POLKA DOT,10,2011-01-10 13:29:00,2.0,12457,United Kingdom
536416,22633,HAND WARMER UNION JACK,3,2011-05-10 09:59:00,1.82,12464,United Kingdom
536556,22633,HAND WARMER UNION JACK,12,2010-12-09 09:03:00,1.89,12377,United Kingdom
536417,22114,HOT WATER BOTTLE TEA AND SYMPATHY,5,2011-09-08 08:40:00,3.42,12182,United Kingdom
537670,22114,HOT WATER BOTTLE TEA AND SYMPATHY,6,2011-10-26 12:20:00,3.53,12523,United Kingdom
536835,22086,PAPER CHAIN KIT 50'S CHRISTMAS,1,2011-08-12 09:59:00,2.47,12535,United Kingdom
537672,22086,PAPER CHAIN KIT 50'S CHRISTMAS,2,2011-06-03 13:21:00,2.54,12071,United Kingdom
536418,22633,HAND WARMER UNION JACK,8,2011-10-25 20:25:00,1.89,12091,Germany
537674,22752,SET 7 BABUSHKA NESTING BOXES,1,2011-04-13 11:15:00,7.95,12024,United Kingdom
536837,22114,HOT WATER BOTTLE TEA AND SYMPATHY,3,2011-08-03 08:02:00,3.38,12156,Norway
536558,71053,WHITE METAL LANTERN,6,2011-05-15 14:48:00,3.39,12522,France
536419,21730,GLASS STAR FROSTED T-LIGHT HOLDER,3,2011-09-08 09:02:00,4.06,12235,United Kingdom
537678,85123A,WHITE HANGING HEART T-LIGHT HOLDER,12,2011-09-24 13:32:00,2.48,12217,United Kingdom
536559,85123A,WHITE HANGING HEART T-LIGHT HOLDER,6,2011-04-16 16:23:00,2.48,12206,France
536840,84406B,CREAM CUPID HEARTS COAT HANGER,2,2011-05-17 12:25:00,2.71,12029,United Kingdom
536420,22961,JAM MAKING SET PRINTED,1,2011-03-15 10:07:00,1.53,12210,United Kingdom
536560,22633,HAND WARMER UNION JACK,12,2011-11-19 18:13:00,1.95,12369,United Kingdom
536841,22632,HAND WARMER RED POLKA DOT,6,2011-09-17 12:13:00,1.83,12221,Germany
536842,22386,JUMBO BAG PINK POLKADOT,8,2011-08-13 19:24:00,1.97,12400,United Kingdom
536421,71053,WHITE METAL LANTERN,3,2011-08-03 16:38:00,3.66,12254,United Kingdom
537686,85123A,WHITE HANGING HEART T-LIGHT HOLDER,12,2010-12-16 17:03:00,2.74,12000,United Kingdom
536843,84029E,RED WOOLLY HOTTIE WHITE HEART,3,2011-01-19 08:23:00,3.3,12433,France
536562,84029E,RED WOOLLY HOTTIE WHITE HEART,4,2011-07-02 18:01:00,3.24,12122,United Kingdom
536844,84406B,CREAM CUPID HEARTS COAT HANGER,24,2011-01-31 18:47:00,2.9,12487,United Kingdom
536845,85123A,WHITE HANGING HEART T-LIGHT HOLDER,6,2011-07-22 17:44:00,2.51,12491,United Kingdom
536845,22086,PAPER CHAIN KIT 50'S CHRISTMAS,4,2011-01-03 14:43:00,2.43,12442,Germany
537692,22752,SET 7 BABUSHKA NESTING BOXES,1,2011-09-22 08:42:00,8.03,12287,France
536846,22086,PAPER CHAIN KIT 50'S CHRISTMAS,3,2011-04-16 08:42:00,2.71,12240,United Kingdom
537694,22114,HOT WATER BOTTLE TEA AND SYMPATHY,24,2011-09-15 14:35:00,3.5,12237,France
536565,22086,PAPER CHAIN KIT 50'S CHRISTMAS,4,2011-06-05 09:38:00,2.69,12167,United Kingdom
536848,22386,JUMBO BAG PINK POLKADOT,4,2011-05-14 19:40:00,1.9,12411,United Kingdom
536565,22961,JAM MAKING SET PRINTED,12,2011-02-14 18:48:00,1.5,12417,United Kingdom
536566,22752,SET 7 BABUSHKA NESTING BOXES,4,2011-02-09 13:59:00,7.73,12168,Netherlands
536849,84029E,RED WOOLLY HOTTIE WHITE HEART,6,2011-10-03 13:34:00,3.55,12142,Portugal
536425,22114,HOT WATER BOTTLE TEA AND SYMPATHY,2,2011-01-11 14:56:00,3.5,12042,United Kingdom
536567,22633,HAND WARMER UNION JACK,8,2011-09-08 18:10:00,1.92,12342,United Kingdom
536567,84029G,KNITTED UNION FLAG HOT WATER BOTTLE,6,2011-09-07 14:33:00,3.39,12359,France
537703,22086,PAPER CHAIN KIT 50'S CHRISTMAS,5,2011-03-26 18:41:00,2.7,12192,France
537704,22386,JUMBO BAG PINK POLKADOT,1,2011-08-11 10:58:00,2.09,12247,France
536852,84029G,KNITTED UNION FLAG HOT WATER BOTTLE,24,2011-09-04 18:06:00,3.3,12016,United Kingdom
536853,71053,WHITE METAL LANTERN,3,2011-11-14 09:04:00,3.64,12432,Norway
537707,22632,HAND WARMER RED POLKA DOT,4,2011-11-23 17:19:00,1.85,12311,United Kingdom
536427,22633,HAND WARMER UNION JACK,1,2011-10-22 17:37:00,1.88,12032,United Kingdom
536569,84029E,RED WOOLLY HOTTIE WHITE HEART,10,2011-11-24 15:55:00,3.55,12100,United Kingdom
536570,22633,HAND WARMER UNION JACK,4,2011-11-16 15:01:00,1.99,12088,United Kingdom
537711,22633,HAND WARMER UNION JACK,8,2011-04-05 19:53:00,1.98,12465,United Kingdom
536428,84029E,RED WOOLLY HOTTIE WHITE HEART,6,2010-12-18 13:19:00,3.53,12462,United Kingdom
537713,22752,SET 7 BABUSHKA NESTING BOXES,12,2011-11-16 10:37:00,8.04,12518,United Kingdom
536428,21730,GLASS STAR FROSTED T-LIGHT HOLDER,4,2011-04-20 19:36:00,4.55,12049,United Kingdom
536428,85123A,WHITE HANGING HEART T-LIGHT HOLDER,12,2011-02-28 15:18:00,2.44,12339,United Kingdom
537716,22086,PAPER CHAIN KIT 50'S CHRISTMAS,3,2011-03-12 15:31:00,2.55,12180,France
536858,85123A,WHITE HANGING HEART T-LIGHT HOLDER,8,2011-03-25 13:55:00,2.7,12234,France
537718,22114,HOT WATER BOTTLE TEA AND SYMPATHY,2,2011-01-21 10:08:00,3.72,12024,United Kingdom
536429,84029E,RED WOOLLY HOTTIE WHITE HEART,12,2010-12-11 19:33:00,3.38,12108,United Kingdom
536430,85123A,WHITE HANGING HEART T-LIGHT HOLDER,1,2011-09-12 19:27:00,2.45,12366,United Kingdom
536860,21730,GLASS STAR FROSTED T-LIGHT HOLDER,2,2011-02-09 09:01:00,4.35,12201,United Kingdom
536574,22961,JAM MAKING SET PRINTED,1,2011-09-12 12:30:00,1.53,12189,United Kingdom
537723,85123A,WHITE HANGING HEART T-LIGHT HOLDER,4,2011-03-29 11:09:00,2.67,12400,United Kingdom
537724,85123A,WHITE HANGING HEART T-LIGHT HOLDER,3,2011-01-27 16:42:00,2.6,12310,Netherlands
536862,71053,WHITE METAL LANTERN,2,2011-08-03 20:13:00,3.43,12490,United Kingdom
537726,71053,WHITE METAL LANTERN,12,2011-02-13 18:08:00,3.28,12069,United Kingdom
537727,22961,JAM MAKING SET PRINTED,6,2011-09-16 10:15:00,1.46,12370,Belgium
536432,22114,HOT WATER BOTTLE TEA AND SYMPATHY,1,2010-12-31 20:27:00,3.42,12404,United Kingdom
536576,22632,HAND WARMER RED POLKA DOT,10,2011-06-19 15:38:00,1.81,12130,United Kingdom
536432,85099C,JUMBO BAG BAROQUE BLACK WHITE,2,2011-10-27 20:40:00,2.0,12294,United Kingdom
537731,85123A,WHITE HANGING HEART T-LIGHT HOLDER,2,2011-07-02 09:35:00,2.72,12149,France
536577,85123A,WHITE HANGING HEART T-LIGHT HOLDER,6,2011-06-20 12:29:00,2.75,12349,United Kingdom
536577,22633,HAND WARMER UNION JACK,5,2011-05-07 15:32:00,1.94,12140,United Kingdom
536433,85123A,WHITE HANGING HEART T-LIGHT HOLDER,6,2011-05-25 16:33:00,2.44,12274,Belgium
536867,22386,JUMBO BAG PINK POLKADOT,3,2011-05-10 13:58:00,1.9,12313,United Kingdom
536434,84029G,KNITTED UNION FLAG HOT WATER BOTTLE,5,2011-04-22 12:38:00,3.51,12142,Germany
536868,22086,PAPER CHAIN KIT 50'S CHRISTMAS,8,2011-11-17 18:23:00,2.61,12209,Germany
536869,22633,HAND WARMER UNION JACK,12,2011-01-30 19:46:00,1.91,12210,United Kingdom
536579,22632,HAND WARMER RED POLKA DOT,6,2011-03-04 18:51:00,1.82,12495,France
536435,85099C,JUMBO BAG BAROQUE BLACK WHITE,3,2011-09-02 13:09:00,1.87,12127,Portugal
536435,22114,HOT WATER BOTTLE TEA AND SYMPATHY,10,2010-12-02 09:12:00,3.39,12506,United Kingdom
536580,22961,JAM MAKING SET PRINTED,3,2011-08-19 17:26:00,1.39,12437,United Kingdom
537743,21730,GLASS STAR FROSTED T-LIGHT HOLDER,4,2011-08-01 14:24:00,4.11,12125,United Kingdom
537744,22114,HOT WATER BOTTLE TEA AND SYMPATHY,2,2010-12-22 09:17:00,3.52,12130,Germany
536436,85099C,JUMBO BAG BAROQUE BLACK WHITE,6,2011-03-15 08:57:00,1.87,12114,United Kingdom
536582,22632,HAND WARMER RED POLKA DOT,3,2011-04-25 14:15:00,1.91,12273,Belgium
536873,84029E,RED WOOLLY HOTTIE WHITE HEART,6,2011-02-16 08:35:00,3.56,12175,Germany
536874,22114,HOT WATER BOTTLE TEA AND SYMPATHY,24,2011-09-04 17:01:00,3.32,12276,Germany
536874,71053,WHITE METAL LANTERN,5,2011-06-27 11:15:00,3.29,12177,Spain
537750,84029G,KNITTED UNION FLAG HOT WATER BOTTLE,5,2011-04-02 18:19:00,3.6,12395,United Kingdom
537751,84406B,CREAM CUPID HEARTS COAT HANGER,5,2011-06-28 19:28:00,2.88,12393,Netherlands
537752,21258,VICTORIAN SEWING BOX LARGE,3,2011-09-04 20:17:00,11.36,12447,Germany
536584,22633,HAND WARMER UNION JACK,6,2010-12-11 15:32:00,1.96,12210,United Kingdom
536438,22086,PAPER CHAIN KIT 50'S CHRISTMAS,3,2011-02-25 20:25:00,2.53,12414,United Kingdom
536877,22086,PAPER CHAIN KIT 50'S CHRISTMAS,5,2011-06-13 17:56:00,2.43,12249,United Kingdom
537756,85123A,WHITE HANGING HEART T-LIGHT HOLDER,4,2011-06-18 17:22:00,2.43,12446,France
537757,22386,JUMBO BAG PINK POLKADOT,3,2011-07-12 12:22:00,1.95,12266,United Kingdom
536879,71053,WHITE METAL LANTERN,1,2010-12-19 14:23:00,3.32,12162,United Kingdom
537759,22086,PAPER CHAIN KIT 50'S CHRISTMAS,24,2011-04-08 09:33:00,2.57,12300,United Kingdom
536880,22752,SET 7 BABUSHKA NESTING BOXES,2,2011-03-28 14:19:00,7.33,12094,United Kingdom
536880,22633,HAND WARMER UNION JACK,24,2011-04-27 16:30:00,1.97,12241,United Kingdom
537762,85099C,JUMBO BAG BAROQUE BLACK WHITE,3,2011-01-04 20:06:00,2.05,12546,United Kingdom
536587,22752,SET 7 BABUSHKA NESTING BOXES,24,2011-03-02 10:34:00,7.51,12008,United Kingdom
536588,71053,WHITE METAL LANTERN,6,2011-08-20 08:32:00,3.25,12138,United Kingdom
536882,21730,GLASS STAR FROSTED T-LIGHT HOLDER,4,2011-04-03 17:53:00,4.47,12473,United Kingdom
537766,71053,WHITE METAL LANTERN,6,2011-12-01 11:10:00,3.55,12068,Italy
536589,71053,WHITE METAL LANTERN,5,2011-07-24 16:51:00,3.55,12413,Netherlands
536589,21730,GLASS STAR FROSTED T-LIGHT HOLDER,10,2011-10-07 17:45:00,4.26,12257,United Kingdom
536442,84029E,RED WOOLLY HOTTIE WHITE HEART,3,2011-02-03 20:02:00,3.48,12376,Germany
536442,85123A,WHITE HANGING HEART T-LIGHT HOLDER,4,2011-06-14 14:19:00,2.53,12203,France
536885,84406B,CREAM CUPID HEARTS COAT HANGER,8,2011-07-19 17:50:00,2.66,12309,United Kingdom
536886,71053,WHITE METAL LANTERN,5,2011-07-13 12:31:00,3.53,12380,Netherlands
536443,22752,SET 7 BABUSHKA NESTING BOXES,12,2010-12-27 11:09:00,8.19,12302,United Kingdom
536443,84029E,RED WOOLLY HOTTIE WHITE HEART,6,2011-10-31 14:04:00,3.38,12524,United Kingdom
536443,85123A,WHITE HANGING HEART T-LIGHT HOLDER,2,2011-01-04 13:21:00,2.73,12169,United Kingdom
536592,85123A,WHITE HANGING HEART T-LIGHT HOLDER,3,2010-12-31 08:32:00,2.6,12024,United Kingdom
536444,84029G,KNITTED UNION FLAG HOT WATER BOTTLE,3,2011-05-27 17:20:00,3.24,12529,United Kingdom
536444,22386,JUMBO BAG PINK POLKADOT,1,2011-07-10 20:32:00,2.05,12518,United Kingdom
536444,22961,JAM MAKING SET PRINTED,5,2011-05-19 18:45:00,1.51,12273,United Kingdom
536890,21258,VICTORIAN SEWING BOX LARGE,3,2011-01-17 17:24:00,10.72,12045,United Kingdom
536890,85099C,JUMBO BAG BAROQUE BLACK WHITE,5,2011-07-03 17:12:00,2.06,12155,United Kingdom
536891,22633,HAND WARMER UNION JACK,12,2010-12-01 09:10:00,1.82,12494,Germany
536891,84406B,CREAM CUPID HEARTS COAT HANGER,2,2011-11-10 15:07:00,2.78,12350,United Kingdom
536446,22961,JAM MAKING SET PRINTED,6,2011-04-12 17:35:00,1.55,12338,United Kingdom
536892,84029G,KNITTED UNION FLAG HOT WATER BOTTLE,8,2011-11-07 18:53:00,3.45,12285,Germany
536893,21258,VICTORIAN SEWING BOX LARGE,5,2011-03-26 08:27:00,10.87,12521,United Kingdom
536446,22961,JAM MAKING SET PRINTED,10,2010-12-27 17:19:00,1.43,12151,United Kingdom
536894,22114,HOT WATER BOTTLE TEA AND SYMPATHY,2,2011-04-07 15:57:00,3.32,12517,United Kingdom
536447,22086,PAPER CHAIN KIT 50'S CHRISTMAS,2,2011-09-17 13:19:00,2.48,12492,Norway
536596,22632,HAND WARMER RED POLKA DOT,10,2010-12-30 14:25:00,1.79,12484,Portugal
536597,84029G,KNITTED UNION FLAG HOT WATER BOTTLE,5,2011-01-30 12:15:00,3.66,12405,United Kingdom
536896,84029E,RED WOOLLY HOTTIE WHITE HEART,10,2011-04-26 11:39:00,3.37,12334,United Kingdom
537793,22114,HOT WATER BOTTLE TEA AND SYMPATHY,8,2011-01-12 09:50:00,3.34,12438,United Kingdom
536897,85123A,WHITE HANGING HEART T-LIGHT HOLDER,2,2010-12-27 08:30:00,2.47,12375,United Kingdom
536598,22386,JUMBO BAG PINK POLKADOT,1,2011-11-07 17:05:00,2.08,12338,United Kingdom
537796,22961,JAM MAKING SET PRINTED,10,2010-12-21 17:00:00,1.41,12174,Spain
536449,22114,HOT WATER BOTTLE TEA AND SYMPATHY,3,2011-01-25 12:37:00,3.65,12073,Germany
537798,84029G,KNITTED UNION FLAG HOT WATER BOTTLE,3,2011-07-25 17:54:00,3.5,12527,United Kingdom
536599,22632,HAND WARMER RED POLKA DOT,4,2010-12-17 14:54:00,1.8,12484,Germany
536600,84029E,RED WOOLLY HOTTIE WHITE HEART,10,2011-04-30 18:45:00,3.4,12240,Germany
536600,22114,HOT WATER BOTTLE TEA AND SYMPATHY,2,2011-03-18 11:29:00,3.35,12081,United Kingdom
536901,22386,JUMBO BAG PINK POLKADOT,2,2011-01-25 15:08:00,1.87,12340,United Kingdom
536450,22633,HAND WARMER UNION JACK,24,2011-07-11 14:07:00,1.92,12309,Belgium
536451,84406B,CREAM CUPID HEARTS COAT HANGER,2,2011-11-01 08:23:00,2.68,12067,United Kingdom
536601,22114,HOT WATER BOTTLE TEA AND SYMPATHY,6,2011-06-18 10:52:00,3.57,12407,Germany
536451,22386,JUMBO BAG PINK POLKADOT,36,2011-02-07 13:47:00,1.96,12322,Norway
536903,21258,VICTORIAN SEWING BOX LARGE,24,2010-12-04 20:10:00,10.99,12498,Netherlands
537808,84029G,KNITTED UNION FLAG HOT WATER BOTTLE,6,2011-02-10 11:32:00,3.64,12207,France
537809,22752,SET 7 BABUSHKA NESTING BOXES,4,2011-10-20 13:45:00,7.88,12345,United Kingdom
536905,21730,GLASS STAR FROSTED T-LIGHT HOLDER,8,2011-03-19 10:21:00,4.51,12517,United Kingdom
536905,84029E,RED WOOLLY HOTTIE WHITE HEART,10,2011-07-11 20:46:00,3.42,12297,United Kingdom
537812,21258,VICTORIAN SEWING BOX LARGE,5,2011-04-25 13:01:00,11.3,12064,United Kingdom
536453,22386,JUMBO BAG PINK POLKADOT,24,2011-10-08 17:14:00,2.06,12228,United Kingdom
537814,84029G,KNITTED UNION FLAG HOT WATER BOTTLE,6,2011-03-28 18:57:00,3.39,12004,United Kingdom
536453,85123A,WHITE HANGING HEART T-LIGHT HOLDER,5,2011-04-02 14:00:00,2.74,12280,United Kingdom
536454,22386,JUMBO BAG PINK POLKADOT,24,2010-12-09 16:55:00,2.05,12313,France
536454,22632,HAND WARMER RED POLKA DOT,6,2011-09-24 11:34:00,1.83,12118,Netherlands
536454,85099C,JUMBO BAG BAROQUE BLACK WHITE,2,2011-09-14 19:21:00,2.02,12014,United Kingdom
536909,85123A,WHITE HANGING HEART T-LIGHT HOLDER,2,2011-08-03 08:06:00,2.67,12264,United Kingdom
536606,84029G,KNITTED UNION FLAG HOT WATER BOTTLE,5,2011-07-01 10:57:00,3.54,12370,United Kingdom
536607,85099C,JUMBO BAG BAROQUE BLACK WHITE,6,2011-09-04 19:35:00,1.87,12159,Netherlands
537822,22114,HOT WATER BOTTLE TEA AND SYMPATHY,10,2011-04-02 09:49:00,3.62,12276,Portugal
536455,85123A,WHITE HANGING HEART T-LIGHT HOLDER,10,2011-05-22 09:32:00,2.68,12476,United Kingdom
536608,21730,GLASS STAR FROSTED T-LIGHT HOLDER,2,2011-01-12 13:50:00,4.13,12193,United Kingdom
537825,84406B,CREAM CUPID HEARTS COAT HANGER,10,2011-10-14 20:50:00,2.97,12166,United Kingdom
536913,71053,WHITE METAL LANTERN,4,2011-08-03 20:40:00,3.37,12398,Germany
536456,22752,SET 7 BABUSHKA NESTING BOXES,6,2011-03-19 10:12:00,7.75,12068,Portugal
536457,22086,PAPER CHAIN KIT 50'S CHRISTMAS,4,2011-09-12 20:29:00,2.64,12203,Spain
536914,85123A,WHITE HANGING HEART T-LIGHT HOLDER,1,2010-12-02 17:22:00,2.64,12381,United Kingdom
537830,22752,SET 7 BABUSHKA NESTING BOXES,2,2011-05-11 15:05:00,7.36,12533,United Kingdom
536915,85123A,WHITE HANGING HEART T-LIGHT HOLDER,48,2011-07-31 15:35:00,2.66,12348,United Kingdom
536610,22114,HOT WATER BOTTLE TEA AND SYMPATHY,10,2011-04-05 12:34:00,3.41,12109,United Kingdom
536916,84029G,KNITTED UNION FLAG HOT WATER BOTTLE,4,2011-11-22 12:52:00,3.29,12348,Germany
536611,22961,JAM MAKING SET PRINTED,8,2011-01-08 15:19:00,1.45,12026,Italy
537835,84029G,KNITTED UNION FLAG HOT WATER BOTTLE,6,2011-02-09 16:38:00,3.26,12116,United Kingdom
536612,84029G,KNITTED UNION FLAG HOT WATER BOTTLE,6,2011-05-12 09:11:00,3.48,12080,United Kingdom
537837,84029G,KNITTED UNION FLAG HOT WATER BOTTLE,6,2011-11-30 16:59:00,3.52,12304,Spain
537838,22632,HAND WARMER RED POLKA DOT,1,2011-06-25 20:59:00,1.98,12430,United Kingdom
537839,84029G,KNITTED UNION FLAG HOT WATER BOTTLE,24,2011-02-09 09:06:00,3.48,12109,Spain
536613,85123A,WHITE HANGING HEART T-LIGHT HOLDER,3,2011-06-26 16:06:00,2.62,12253,United Kingdom
537841,71053,WHITE METAL LANTERN,5,2011-10-19 20:01:00,3.54,12129,United Kingdom
536921,85099C,JUMBO BAG BAROQUE BLACK WHITE,6,2011-06-27 08:43:00,1.92,12192,United Kingdom
536460,84406B,CREAM CUPID HEARTS COAT HANGER,4,2011-03-19 17:42:00,2.91,12299,United Kingdom
536461,84029E,RED WOOLLY HOTTIE WHITE HEART,3,2011-09-23 12:17:00,3.6,12127,France
536461,84406B,CREAM CUPID HEARTS COAT HANGER,6,2010-12-01 09:25:00,2.88,12131,United Kingdom
537846,22114,HOT WATER BOTTLE TEA AND SYMPATHY,8,2011-11-09 11:08:00,3.38,12255,France
536461,22086,PAPER CHAIN KIT 50'S CHRISTMAS,24,2011-02-07 11:17:00,2.61,12215,France
537848,22114,HOT WATER BOTTLE TEA AND SYMPATHY,3,2011-06-30 09:21:00,3.34,12126,Netherlands
536462,84029G,KNITTED UNION FLAG HOT WATER BOTTLE,8,2011-06-12 18:33:00,3.42,12206,Netherlands
536462,71053,WHITE METAL LANTERN,6,2011-05-30 11:55:00,3.64,12248,United Kingdom
536462,85099C,JUMBO BAG BAROQUE BLACK WHITE,5,2010-12-26 12:00:00,1.89,12061,France
536926,22633,HAND WARMER UNION JACK,3,2011-06-30 09:56:00,1.83,12181,United Kingdom
537853,85123A,WHITE HANGING HEART T-LIGHT HOLDER,4,2011-09-27 15:22:00,2.5,12205,United Kingdom
536463,84029G,KNITTED UNION FLAG HOT WATER BOTTLE,5,2011-06-18 12:10:00,3.41,12136,United Kingdom
536463,84406B,CREAM CUPID HEARTS COAT HANGER,6,2011-06-15 11:35:00,2.95,12112,United Kingdom
536618,84029E,RED WOOLLY HOTTIE WHITE HEART,12,2011-11-19 09:17:00,3.45,12317,France
537857,85123A,WHITE HANGING HEART T-LIGHT HOLDER,10,2011-04-03 12:16:00,2.67,12542,Belgium
537858,22632,HAND WARMER RED POLKA DOT,10,2011-02-15 08:20:00,1.94,12429,United Kingdom
536929,85123A,WHITE HANGING HEART T-LIGHT HOLDER,4,2011-03-06 09:46:00,2.68,12257,United Kingdom
536930,84029G,KNITTED UNION FLAG HOT WATER BOTTLE,10,2011-10-18 14:42:00,3.49,12365,United Kingdom
536930,21730,GLASS STAR FROSTED T-LIGHT HOLDER,12,2011-04-05 13:02:00,4.23,12246,United Kingdom
536465,21730,GLASS STAR FROSTED T-LIGHT HOLDER,1,2011-09-14 08:44:00,4.35,12140,United Kingdom
536931,22386,JUMBO BAG PINK POLKADOT,48,2011-07-28 14:34:00,1.87,12451,France
536932,84406B,CREAM CUPID HEARTS COAT HANGER,1,2011-03-22 13:06:00,2.62,12418,United Kingdom
536466,84029G,KNITTED UNION FLAG HOT WATER BOTTLE,24,2011-03-18 09:21:00,3.49,12095,Germany
536933,22114,HOT WATER BOTTLE TEA AND SYMPATHY,3,2010-12-23 15:44:00,3.35,12006,Belgium
536933,21730,GLASS STAR FROSTED T-LIGHT HOLDER,2,2011-06-29 13:06:00,4.36,12284,United Kingdom
536622,22086,PAPER CHAIN KIT 50'S CHRISTMAS,2,2011-07-20 16:44:00,2.67,12021,United Kingdom
536934,71053,WHITE METAL LANTERN,8,2011-03-30 19:02:00,3.31,12214,United Kingdom
537870,84029G,KNITTED UNION FLAG HOT WATER BOTTLE,6,2011-11-04 15:14:00,3.23,12209,United Kingdom
536623,21258,VICTORIAN SEWING BOX LARGE,8,2011-11-17 14:09:00,11.59,12162,United Kingdom
536624,85123A,WHITE HANGING HEART T-LIGHT HOLDER,8,2010-12-18 16:11:00,2.72,12111,United Kingdom
537873,71053,WHITE METAL LANTERN,5,2011-02-17 14:06:00,3.53,12170,United Kingdom
536624,22633,HAND WARMER UNION JACK,48,2011-07-20 10:53:00,1.89,12220,Norway
536468,22752,SET 7 BABUSHKA NESTING BOXES,6,2011-04-22 13:16:00,8.19,12020,United Kingdom
536469,84029G,KNITTED UNION FLAG HOT WATER BOTTLE,10,2011-01-16 17:07:00,3.28,12055,United Kingdom
537877,22086,PAPER CHAIN KIT 50'S CHRISTMAS,12,2011-09-13 15:25:00,2.61,12138,United Kingdom
536939,71053,WHITE METAL LANTERN,1,2011-02-03 11:58:00,3.6,12075,United Kingdom
536626,22633,HAND WARMER UNION JACK,3,2011-08-26 16:05:00,1.84,12139,Germany
536470,85123A,WHITE HANGING HEART T-LIGHT HOLDER,10,2011-03-16 10:51:00,2.65,12091,United Kingdom
537881,22632,HAND WARMER RED POLKA DOT,6,2011-07-05 19:40:00,1.93,12329,United Kingdom
536627,22086,PAPER CHAIN KIT 50'S CHRISTMAS,1,2010-12-16 08:48:00,2.43,12024,Netherlands
537883,22086,PAPER CHAIN KIT 50'S CHRISTMAS,8,2011-05-15 10:48:00,2.63,12083,United Kingdom
537884,71053,WHITE METAL LANTERN,6,2011-07-13 20:57:00,3.38,12026,France
536628,22961,JAM MAKING SET PRINTED,10,2011-06-13 18:07:00,1.47,12296,France
537886,84406B,CREAM CUPID HEARTS COAT HANGER,8,2011-09-06 10:38:00,2.81,12294,United Kingdom
537887,22386,JUMBO BAG PINK POLKADOT,8,2011-02-16 10:52:00,1.98,12043,United Kingdom
536472,21730,GLASS STAR FROSTED T-LIGHT HOLDER,6,2011-07-28 08:02:00,4.04,12267,Netherlands
536629,84029E,RED WOOLLY HOTTIE WHITE HEART,6,2011-01-15 13:46:00,3.45,12414,United Kingdom
536472,71053,WHITE METAL LANTERN,6,2011-02-15 20:17:00,3.66,12378,United Kingdom
536945,84029E,RED WOOLLY HOTTIE WHITE HEART,1,2011-09-22 14:46:00,3.54,12481,United Kingdom
536473,71053,WHITE METAL LANTERN,5,2011-10-05 17:35:00,3.38,12017,France
536946,21258,VICTORIAN SEWING BOX LARGE,3,2011-02-03 09:03:00,10.47,12125,Netherlands
537894,84406B,CREAM CUPID HEARTS COAT HANGER,1,2011-09-11 16:47:00,2.84,12264,Portugal
536473,22632,HAND WARMER RED POLKA DOT,2,2011-08-13 11:33:00,1.93,12192,United Kingdom
536632,85123A,WHITE HANGING HEART T-LIGHT HOLDER,1,2011-04-04 10:43:00,2.65,12302,France
536632,22633,HAND WARMER UNION JACK,1,2011-06-27 12:10:00,1.97,12133,United Kingdom
536474,22086,PAPER CHAIN KIT 50'S CHRISTMAS,24,2011-03-20 09:19:00,2.51,12473,Netherlands
536633,22114,HOT WATER BOTTLE TEA AND SYMPATHY,4,2011-10-20 14:10:00,3.61,12297,Netherlands
536475,85123A,WHITE HANGING HEART T-LIGHT HOLDER,4,2011-03-28 19:43:00,2.6,12191,United Kingdom
537901,85099C,JUMBO BAG BAROQUE BLACK WHITE,4,2011-11-08 09:30:00,1.96,12286,Netherlands
537902,22633,HAND WARMER UNION JACK,4,2011-03-26 19:06:00,1.89,12512,United Kingdom
536634,22114,HOT WATER BOTTLE TEA AND SYMPATHY,5,2011-05-19 19:08:00,3.65,12063,United Kingdom
536634,84029E,RED WOOLLY HOTTIE WHITE HEART,48,2011-11-17 18:03:00,3.35,12209,Spain
536635,71053,WHITE METAL LANTERN,6,2011-03-10 16:16:00,3.61,12125,United Kingdom
536953,84406B,CREAM CUPID HEARTS COAT HANGER,8,2011-01-22 09:06:00,2.78,12477,France
537907,22114,HOT WATER BOTTLE TEA AND SYMPATHY,6,2011-10-07 11:15:00,3.56,12202,United Kingdom
536636,71053,WHITE METAL LANTERN,5,2011-03-26 08:56:00,3.24,12078,Norway
536477,22386,JUMBO BAG PINK POLKADOT,5,2011-05-17 14:06:00,1.98,12416,France
537910,22086,PAPER CHAIN KIT 50'S CHRISTMAS,10,2010-12-06 10:13:00,2.75,12030,United Kingdom
536477,84029G,KNITTED UNION FLAG HOT WATER BOTTLE,10,2011-01-27 16:08:00,3.45,12013,United Kingdom
536478,84029E,RED WOOLLY HOTTIE WHITE HEART,3,2011-10-23 19:31:00,3.35,12122,Portugal
537913,22386,JUMBO BAG PINK POLKADOT,4,2011-10-14 18:13:00,2.01,12354,United Kingdom
536638,85123A,WHITE HANGING HEART T-LIGHT HOLDER,2,2011-10-06 09:51:00,2.6,12293,United Kingdom
536957,84029G,KNITTED UNION FLAG HOT WATER BOTTLE,4,2011-06-22 16:30:00,3.23,12142,France
536958,84029E,RED WOOLLY HOTTIE WHITE HEART,6,2011-02-19 11:38:00,3.29,12245,United Kingdom
536479,84029G,KNITTED UNION FLAG HOT WATER BOTTLE,24,2011-01-09 09:16:00,3.53,12301,United Kingdom
537918,22633,HAND WARMER UNION JACK,10,2011-06-06 18:01:00,1.84,12504,Belgium
537919,22752,SET 7 BABUSHKA NESTING BOXES,2,2011-08-23 19:06:00,7.4,12018,Belgium
537920,85099C,JUMBO BAG BAROQUE BLACK WHITE,4,2011-08-24 11:23:00,2.08,12090,Germany
536480,21258,VICTORIAN SEWING BOX LARGE,1,2011-02-17 18:29:00,11.74,12217,United Kingdom
536961,71053,WHITE METAL LANTERN,1,2011-04-10 13:22:00,3.41,12187,United Kingdom
536480,85123A,WHITE HANGING HEART T-LIGHT HOLDER,6,2011-07-06 20:35:00,2.47,12215,Italy
536641,22114,HOT WATER BOTTLE TEA AND SYMPATHY,4,2010-12-21 09:15:00,3.53,12540,Italy
536641,21258,VICTORIAN SEWING BOX LARGE,12,2011-05-02 11:30:00,11.7,12541,United Kingdom
536963,85123A,WHITE HANGING HEART T-LIGHT HOLDER,8,2011-10-27 13:39:00,2.44,12379,United Kingdom
537927,22086,PAPER CHAIN KIT 50'S CHRISTMAS,6,2011-08-17 13:36:00,2.44,12296,United Kingdom
537928,71053,WHITE METAL LANTERN,6,2011-12-01 15:16:00,3.29,12430,France
536482,22633,HAND WARMER UNION JACK,6,2011-11-02 12:53:00,1.9,12467,United Kingdom
536965,22633,HAND WARMER UNION JACK,6,2011-09-01 20:23:00,1.91,12254,United Kingdom
536643,22633,HAND WARMER UNION JACK,12,2010-12-11 20:32:00,1.89,12199,Norway
537932,22386,JUMBO BAG PINK POLKADOT,10,2011-03-05 20:51:00,1.93,12144,France
537933,22752,SET 7 BABUSHKA NESTING BOXES,1,2011-06-27 17:44:00,7.82,12158,United Kingdom
536483,85123A,WHITE HANGING HEART T-LIGHT HOLDER,2,2010-12-16 18:28:00,2.49,12233,United Kingdom
536645,84406B,CREAM CUPID HEARTS COAT HANGER,24,2011-10-29 11:57:00,2.66,12017,Germany
537936,22961,JAM MAKING SET PRINTED,6,2011-05-26 14:56:00,1.56,12444,United Kingdom
536968,22633,HAND WARMER UNION JACK,4,2011-06-26 17:48:00,1.92,12444,United Kingdom
536484,85123A,WHITE HANGING HEART T-LIGHT HOLDER,5,2011-09-20 14:22:00,2.45,12221,United Kingdom
536484,21730,GLASS STAR FROSTED T-LIGHT HOLDER,8,2011-01-20 18:53:00,4.12,12194,Germany
536646,84029G,KNITTED UNION FLAG HOT WATER BOTTLE,2,2011-01-31 12:53:00,3.34,12152,United Kingdom
536647,22114,HOT WATER BOTTLE TEA AND SYMPATHY,12,2011-08-18 12:40:00,3.66,12168,United Kingdom
537942,84406B,CREAM CUPID HEARTS COAT HANGER,6,2011-11-07 16:27:00,2.94,12398,United Kingdom
536485,85123A,WHITE HANGING HEART T-LIGHT HOLDER,2,2011-08-15 11:04:00,2.49,12342,Germany
537944,22114,HOT WATER BOTTLE TEA AND SYMPATHY,6,2010-12-25 09:24:00,3.55,12285,United Kingdom
537945,22632,HAND WARMER RED POLKA DOT,5,2011-05-14 08:29:00,1.8,12534,United Kingdom
536486,22633,HAND WARMER UNION JACK,2,2011-10-25 14:40:00,1.93,12225,United Kingdom
536486,84029G,KNITTED UNION FLAG HOT WATER BOTTLE,3,2011-07-14 15:38:00,3.29,12459,Netherlands
536487,22086,PAPER CHAIN KIT 50'S CHRISTMAS,2,2011-11-09 10:38:00,2.43,12094,France
536487,21730,GLASS STAR FROSTED T-LIGHT HOLDER,6,2011-06-15 08:10:00,4.55,12068,France
536487,84406B,CREAM CUPID HEARTS COAT HANGER,3,2011-08-26 18:34:00,2.96,12203,United Kingdom
536975,84406B,CREAM CUPID HEARTS COAT HANGER,24,2011-05-10 13:45:00,2.68,12410,United Kingdom
537952,22633,HAND WARMER UNION JACK,12,2011-07-26 08:13:00,1.97,12168,United Kingdom
536976,85123A,WHITE HANGING HEART T-LIGHT HOLDER,3,2010-12-01 14:07:00,2.56,12525,Portugal
536488,84029G,KNITTED UNION FLAG HOT WATER BOTTLE,36,2011-08-11 16:36:00,3.39,12194,United Kingdom
536651,85123A,WHITE HANGING HEART T-LIGHT HOLDER,1,2011-05-07 12:37:00,2.74,12330,United Kingdom
536652,22386,JUMBO BAG PINK POLKADOT,2,2011-08-19 08:52:00,1.92,12054,United Kingdom
536652,71053,WHITE METAL LANTERN,6,2011-01-22 14:30:00,3.63,12474,France
536979,21730,GLASS STAR FROSTED T-LIGHT HOLDER,10,2011-03-06 09:00:00,4.39,12503,Spain
536979,22633,HAND WARMER UNION JACK,3,2011-01-22 18:12:00,1.98,12429,United Kingdom
536490,22633,HAND WARMER UNION JACK,3,2011-11-17 17:28:00,1.86,12237,Netherlands
537961,22633,HAND WARMER UNION JACK,8,2011-08-21 10:34:00,1.83,12029,United Kingdom
536490,22633,HAND WARMER UNION JACK,8,2010-12-12 15:50:00,1.89,12438,United Kingdom
537963,85099C,JUMBO BAG BAROQUE BLACK WHITE,1,2011-07-21 15:44:00,2.07,12508,United Kingdom
536982,84029E,RED WOOLLY HOTTIE WHITE HEART,1,2010-12-08 13:48:00,3.46,12086,United Kingdom
536982,71053,WHITE METAL LANTERN,8,2011-10-19 13:20:00,3.26,12402,United Kingdom
537966,22632,HAND WARMER RED POLKA DOT,24,2011-05-21 16:28:00,1.92,12414,United Kingdom
536983,22086,PAPER CHAIN KIT 50'S CHRISTMAS,4,2011-01-07 17:08:00,2.55,12467,France
536656,85099C,JUMBO BAG BAROQUE BLACK WHITE,6,2011-03-31 14:39:00,1.93,12016,Norway
537969,71053,WHITE METAL LANTERN,24,2011-05-19 20:02:00,3.53,12235,United Kingdom
536656,22633,HAND WARMER UNION JACK,2,2011-08-17 12:41:00,1.97,12345,Germany
537971,22632,HAND WARMER RED POLKA DOT,4,2011-10-28 09:18:00,1.91,12519,United Kingdom
537972,22114,HOT WATER BOTTLE TEA AND SYMPATHY,2,2011-11-21 18:28:00,3.69,12240,Spain
536493,84029E,RED WOOLLY HOTTIE WHITE HEART,10,2011-08-02 11:34:00,3.51,12026,Belgium
536493,22752,SET 7 BABUSHKA NESTING BOXES,8,2011-01-09 17:04:00,7.93,12472,United Kingdom
536493,22633,HAND WARMER UNION JACK,6,2011-09-04 10:54:00,1.98,12517,United Kingdom
536988,22114,HOT WATER BOTTLE TEA AND SYMPATHY,3,2011-05-13 16:36:00,3.72,12039,Germany
537977,22633,HAND WARMER UNION JACK,8,2011-06-23 18:11:00,1.95,12377,United Kingdom
537978,84029G,KNITTED UNION FLAG HOT WATER BOTTLE,48,2011-11-05 13:48:00,3.39,12339,United Kingdom
537979,22633,HAND WARMER UNION JACK,3,2011-11-10 09:10:00,1.89,12350,Netherlands
536990,84029G,KNITTED UNION FLAG HOT WATER BOTTLE,6,2011-08-26 14:29:00,3.31,12361,Germany
536990,22632,HAND WARMER RED POLKA DOT,24,2011-10-23 11:40:00,1.92,12275,Germany
536991,22114,HOT WATER BOTTLE TEA AND SYMPATHY,24,2011-03-10 16:57:00,3.7,12348,United Kingdom
536661,84406B,CREAM CUPID HEARTS COAT HANGER,4,2011-03-06 16:48:00,2.97,12494,United Kingdom
536496,85099C,JUMBO BAG BAROQUE BLACK WHITE,5,2011-02-24 17:10:00,2.0,12227,United Kingdom
536661,22632,HAND WARMER RED POLKA DOT,48,2011-01-22 11:55:00,1.88,12400,United Kingdom
536496,85123A,WHITE HANGING HEART T-LIGHT HOLDER,24,2011-08-23 12:24:00,2.61,12016,United Kingdom
536662,21258,VICTORIAN SEWING BOX LARGE,2,2011-04-13 11:00:00,11.3,12122,Netherlands
537988,22386,JUMBO BAG PINK POLKADOT,5,2011-01-27 15:38:00,1.86,12534,Germany
536994,84029G,KNITTED UNION FLAG HOT WATER BOTTLE,2,2011-04-17 20:02:00,3.38,12403,United Kingdom
536497,84029G,KNITTED UNION FLAG HOT WATER BOTTLE,4,2011-01-25 13:52:00,3.27,12177,United Kingdom
536497,22386,JUMBO BAG PINK POLKADOT,24,2011-08-01 19:54:00,1.88,12436,United Kingdom
537992,84029G,KNITTED UNION FLAG HOT WATER BOTTLE,2,2011-10-14 12:54:00,3.6,12111,United Kingdom
537993,21258,VICTORIAN SEWING BOX LARGE,2,2010-12-19 20:22:00,10.95,12541,Norway
536498,71053,WHITE METAL LANTERN,8,2011-09-14 08:38:00,3.28,12489,United Kingdom
536997,84029E,RED WOOLLY HOTTIE WHITE HEART,12,2011-08-21 16:35:00,3.37,12166,Spain
536499,85099C,JUMBO BAG BAROQUE BLACK WHITE,12,2011-07-02 08:20:00,2.0,12425,Germany
536499,22752,SET 7 BABUSHKA NESTING BOXES,2,2011-04-23 12:55:00,7.76,12345,United Kingdom
536666,22961,JAM MAKING SET PRINTED,8,2011-09-04 18:21:00,1.46,12372,Germany
536666,84029G,KNITTED UNION FLAG HOT WATER BOTTLE,4,2011-03-02 16:08:00,3.49,12121,Portugal
536500,22114,HOT WATER BOTTLE TEA AND SYMPATHY,24,2011-05-20 08:08:00,3.28,12040,United Kingdom
536667,22114,HOT WATER BOTTLE TEA AND SYMPATHY,6,2011-10-24 11:37:00,3.38,12242,United Kingdom
538002,22386,JUMBO BAG PINK POLKADOT,3,2011-05-16 13:04:00,1.93,12492,United Kingdom
536500,71053,WHITE METAL LANTERN,8,2011-09-11 19:11:00,3.35,12291,Netherlands
536501,22633,HAND WARMER UNION JACK,48,2011-06-16 17:39:00,1.88,12511,Portugal
537002,22086,PAPER CHAIN KIT 50'S CHRISTMAS,6,2011-07-05 15:57:00,2.57,12299,United Kingdom
538006,71053,WHITE METAL LANTERN,6,2011-02-05 13:54:00,3.55,12171,Spain
538007,84029G,KNITTED UNION FLAG HOT WATER BOTTLE,10,2011-08-27 11:51:00,3.53,12108,France
538008,71053,WHITE METAL LANTERN,2,2011-02-03 11:38:00,3.59,12007,United Kingdom
538009,22632,HAND WARMER RED POLKA DOT,12,2011-06-12 19:00:00,1.88,12425,United Kingdom
536502,71053,WHITE METAL LANTERN,2,2011-05-26 08:34:00,3.43,12531,France
537005,22632,HAND WARMER RED POLKA DOT,5,2011-03-03 13:30:00,1.82,12371,United Kingdom
537006,84029G,KNITTED UNION FLAG HOT WATER BOTTLE,6,2011-06-13 10:55:00,3.23,12145,United Kingdom
536503,22633,HAND WARMER UNION JACK,3,2011-06-14 18:35:00,1.78,12054,United Kingdom
536503,71053,WHITE METAL LANTERN,2,2011-01-31 18:30:00,3.42,12220,United Kingdom
537007,22114,HOT WATER BOTTLE TEA AND SYMPATHY,36,2011-09-16 18:37:00,3.71,12029,United Kingdom
537008,71053,WHITE METAL LANTERN,8,2011-06-29 10:06:00,3.57,12077,United Kingdom
537008,84406B,CREAM CUPID HEARTS COAT HANGER,6,2011-04-01 10:20:00,2.86,12250,Germany
537009,22386,JUMBO BAG PINK POLKADOT,3,2011-05-13 16:19:00,1.88,12474,France
537009,22386,JUMBO BAG PINK POLKADOT,3,2011-02-21 20:25:00,2.09,12340,United Kingdom
536505,84406B,CREAM CUPID HEARTS COAT HANGER,2,2011-10-09 19:46:00,2.93,12449,United Kingdom
536505,22633,HAND WARMER UNION JACK,4,2011-01-05 10:03:00,1.92,12479,France
538022,22386,JUMBO BAG PINK POLKADOT,12,2011-03-20 15:45:00,1.94,12531,United Kingdom
538023,71053,WHITE METAL LANTERN,5,2011-02-07 20:23:00,3.57,12055,United Kingdom
538024,71053,WHITE METAL LANTERN,5,2011-04-15 20:35:00,3.58,12476,United Kingdom
536506,21730,GLASS STAR FROSTED T-LIGHT HOLDER,8,2011-05-28 18:13:00,4.44,12381,United Kingdom
537013,84029E,RED WOOLLY HOTTIE WHITE HEART,24,2011-10-23 16:25:00,3.57,12041,United Kingdom
536675,84029G,KNITTED UNION FLAG HOT WATER BOTTLE,2,2011-03-31 14:41:00,3.47,12328,United Kingdom
537014,85123A,WHITE HANGING HEART T-LIGHT HOLDER,12,2011-03-18 19:36:00,2.71,12023,France
537014,22632,HAND WARMER RED POLKA DOT,6,2011-09-27 19:22:00,1.78,12203,United Kingdom
537015,22632,HAND WARMER RED POLKA DOT,3,2010-12-30 17:52:00,1.76,12425,Italy
536507,85123A,WHITE HANGING HEART T-LIGHT HOLDER,2,2011-01-17 17:07:00,2.44,12154,France
537016,85123A,WHITE HANGING HEART T-LIGHT HOLDER,8,2011-01-30 18:59:00,2.58,12477,France
538033,71053,WHITE METAL LANTERN,8,2011-10-07 20:47:00,3.27,12391,United Kingdom
537017,71053,WHITE METAL LANTERN,8,2010-12-22 09:39:00,3.42,12351,United Kingdom
536508,85099C,JUMBO BAG BAROQUE BLACK WHITE,6,2011-04-07 11:59:00,2.04,12037,United Kingdom
536509,71053,WHITE METAL LANTERN,1,2011-05-22 11:34:00,3.3,12308,France
536679,85123A,WHITE HANGING HEART T-LIGHT HOLDER,3,2011-03-01 09:05:00,2.68,12404,United Kingdom
536679,71053,WHITE METAL LANTERN,4,2010-12-05 17:42:00,3.28,12293,United Kingdom
537019,85123A,WHITE HANGING HEART T-LIGHT HOLDER,8,2011-11-24 13:22:00,2.7,12067,Germany
538040,22086,PAPER CHAIN KIT 50'S CHRISTMAS,6,2011-03-20 19:42:00,2.54,12508,Germany
537020,21258,VICTORIAN SEWING BOX LARGE,3,2011-07-21 09:09:00,11.01,12367,United Kingdom
536510,22633,HAND WARMER UNION JACK,2,2011-05-07 20:59:00,1.96,12265,Norway
537021,22386,JUMBO BAG PINK POLKADOT,24,2010-12-14 10:30:00,1.96,12370,United Kingdom
536511,21730,GLASS STAR FROSTED T-LIGHT HOLDER,6,2011-04-22 08:10:00,4.07,12087,United Kingdom
538045,22386,JUMBO BAG PINK POLKADOT,2,2011-06-30 11:08:00,1.92,12109,United Kingdom
537023,84406B,CREAM CUPID HEARTS COAT HANGER,1,2011-11-16 18:41:00,2.86,12292,United Kingdom
538047,85123A,WHITE HANGING HEART T-LIGHT HOLDER,12,2011-10-12 13:58:00,2.74,12462,United Kingdom
536682,22386,JUMBO BAG PINK POLKADOT,5,2011-10-15 09:23:00,2.02,12356,United Kingdom
537024,22752,SET 7 BABUSHKA NESTING BOXES,10,2011-04-06 12:30:00,7.4,12257,United Kingdom
538050,85123A,WHITE HANGING HEART T-LIGHT HOLDER,2,2011-09-11 08:49:00,2.68,12125,United Kingdom
536512,85123A,WHITE HANGING HEART T-LIGHT HOLDER,5,2011-09-10 11:06:00,2.51,12092,United Kingdom
538052,22752,SET 7 BABUSHKA NESTING BOXES,2,2011-09-05 08:33:00,7.99,12375,United Kingdom
538053,71053,WHITE METAL LANTERN,1,2011-01-25 13:45:00,3.26,12520,United Kingdom
537027,22752,SET 7 BABUSHKA NESTING BOXES,3,2010-12-28 15:45:00,7.35,12048,Germany
536685,84029G,KNITTED UNION FLAG HOT WATER BOTTLE,10,2011-08-09 12:12:00,3.3,12201,United Kingdom
537028,22633,HAND WARMER UNION JACK,6,2011-05-28 16:55:00,1.84,12436,France
536514,22632,HAND WARMER RED POLKA DOT,6,2010-12-16 11:07:00,1.84,12205,United Kingdom
536514,71053,WHITE METAL LANTERN,5,2011-04-10 14:56:00,3.58,12080,United Kingdom
537029,85123A,WHITE HANGING HEART T-LIGHT HOLDER,5,2011-02-09 19:54:00,2.43,12272,United Kingdom
536686,22752,SET 7 BABUSHKA NESTING BOXES,1,2011-05-19 18:37:00,7.33,12119,United Kingdom
536515,22633,HAND WARMER UNION JACK,1,2011-02-02 12:02:00,1.92,12241,United Kingdom
538062,85099C,JUMBO BAG BAROQUE BLACK WHITE,12,2011-09-15 20:44:00,2.01,12276,United Kingdom
538063,84029G,KNITTED UNION FLAG HOT WATER BOTTLE,1,2011-05-12 20:11:00,3.49,12513,United Kingdom
536516,22633,HAND WARMER UNION JACK,6,2011-06-21 20:38:00,1.88,12229,United Kingdom
536516,71053,WHITE METAL LANTERN,5,2011-11-16 09:52:00,3.49,12299,United Kingdom
538066,22386,JUMBO BAG PINK POLKADOT,3,2011-02-15 11:31:00,1.86,12491,United Kingdom
537033,84406B,CREAM CUPID HEARTS COAT HANGER,3,2011-05-15 14:11:00,2.86,12527,United Kingdom
538068,22632,HAND WARMER RED POLKA DOT,1,2011-10-09 15:51:00,1.93,12270,United Kingdom
537034,22752,SET 7 BABUSHKA NESTING BOXES,1,2010-12-14 11:29:00,7.73,12175,United Kingdom
537035,22752,SET 7 BABUSHKA NESTING BOXES,1,2011-11-04 18:42:00,8.07,12265,United Kingdom
538071,85099C,JUMBO BAG BAROQUE BLACK WHITE,8,2011-03-31 13:43:00,2.01,12525,United Kingdom
536518,22386,JUMBO BAG PINK POLKADOT,36,2011-02-14 09:05:00,2.1,12515,United Kingdom
538073,22961,JAM MAKING SET PRINTED,5,2011-01-06 16:59:00,1.43,12547,United Kingdom
536518,21258,VICTORIAN SEWING BOX LARGE,8,2011-06-01 16:32:00,10.73,12450,Portugal
538075,84029E,RED WOOLLY HOTTIE WHITE HEART,10,2011-09-03 10:03:00,3.33,12047,United Kingdom
538076,84029G,KNITTED UNION FLAG HOT WATER BOTTLE,6,2011-03-03 11:24:00,3.35,12412,United Kingdom
538077,22632,HAND WARMER RED POLKA DOT,6,2011-02-19 16:57:00,1.95,12276,Germany
536519,22632,HAND WARMER RED POLKA DOT,5,2011-09-13 16:09:00,1.94,12488,United Kingdom
538079,85123A,WHITE HANGING HEART T-LIGHT HOLDER,8,2011-09-28 13:14:00,2.51,12090,Germany
536693,22752,SET 7 BABUSHKA NESTING BOXES,12,2011-07-07 08:31:00,7.91,12181,United Kingdom
537040,22086,PAPER CHAIN KIT 50'S CHRISTMAS,4,2011-05-20 19:24:00,2.68,12471,United Kingdom
536520,22386,JUMBO BAG PINK POLKADOT,1,2011-03-04 12:40:00,2.01,12431,France
536520,84029G,KNITTED UNION FLAG HOT WATER BOTTLE,8,2011-06-15 16:15:00,3.63,12439,United Kingdom
536694,22752,SET 7 BABUSHKA NESTING BOXES,1,2011-02-16 09:28:00,7.83,12104,United Kingdom
536695,71053,WHITE METAL LANTERN,10,2011-09-23 20:15:00,3.4,12128,United Kingdom
537043,22961,JAM MAKING SET PRINTED,6,2011-04-16 16:25:00,1.47,12042,Netherlands
536695,71053,WHITE METAL LANTERN,48,2011-06-21 15:09:00,3.55,12455,United Kingdom
538088,85123A,WHITE HANGING HEART T-LIGHT HOLDER,4,2011-10-16 09:05:00,2.49,12115,United Kingdom
537044,21258,VICTORIAN SEWING BOX LARGE,48,2011-06-02 18:48:00,11.31,12167,Italy
536522,22386,JUMBO BAG PINK POLKADOT,5,2011-01-25 11:13:00,1.96,12000,United Kingdom
538091,22961,JAM MAKING SET PRINTED,6,2011-04-10 13:35:00,1.45,12022,Spain
536697,84029E,RED WOOLLY HOTTIE WHITE HEART,3,2011-05-04 15:09:00,3.49,12439,United Kingdom
537046,85123A,WHITE HANGING HEART T-LIGHT HOLDER,1,2011-11-22 12:17:00,2.61,12411,Germany
536523,21730,GLASS STAR FROSTED T-LIGHT HOLDER,2,2011-01-03 20:33:00,4.18,12042,United Kingdom
538095,85099C,JUMBO BAG BAROQUE BLACK WHITE,6,2011-06-24 15:53:00,1.88,12081,United Kingdom
538096,22752,SET 7 BABUSHKA NESTING BOXES,2,2011-03-26 13:39:00,7.66,12385,Norway
537048,22633,HAND WARMER UNION JACK,8,2011-11-23 17:25:00,1.89,12319,Belgium
536699,84029E,RED WOOLLY HOTTIE WHITE HEART,4,2011-11-18 09:20:00,3.34,12321,Germany
538099,85123A,WHITE HANGING HEART T-LIGHT HOLDER,6,2011-10-11 10:46:00,2.48,12489,Italy
536525,84406B,CREAM CUPID HEARTS COAT HANGER,2,2011-11-21 08:22:00,2.78,12432,United Kingdom
536525,85123A,WHITE HANGING HEART T-LIGHT HOLDER,3,2011-03-17 14:20:00,2.75,12128,United Kingdom
536700,22633,HAND WARMER UNION JACK,4,2011-06-09 17:03:00,1.76,12025,United Kingdom
536701,22632,HAND WARMER RED POLKA DOT,36,2011-02-08 12:33:00,1.82,12048,United Kingdom
536526,84029E,RED WOOLLY HOTTIE WHITE HEART,12,2011-11-15 12:50:00,3.6,12445,United Kingdom
536701,22752,SET 7 BABUSHKA NESTING BOXES,1,2011-07-12 12:10:00,8.05,12318,United Kingdom
536526,22386,JUMBO BAG PINK POLKADOT,12,2011-07-15 13:34:00,2.0,12315,France
537053,22961,JAM MAKING SET PRINTED,1,2011-08-17 20:38:00,1.4,12378,United Kingdom
536527,84029E,RED WOOLLY HOTTIE WHITE HEART,10,2011-02-05 18:11:00,3.37,12296,United Kingdom
536703,84029E,RED WOOLLY HOTTIE WHITE HEART,3,2011-10-06 17:22:00,3.24,12435,United Kingdom
537055,71053,WHITE METAL LANTERN,36,2011-02-16 12:11:00,3.57,12438,Portugal
536527,21730,GLASS STAR FROSTED T-LIGHT HOLDER,8,2011-05-09 14:08:00,4.38,12399,United Kingdom
536704,85123A,WHITE HANGING HEART T-LIGHT HOLDER,4,2011-11-29 09:05:00,2.74,12515,Germany
536528,84406B,CREAM CUPID HEARTS COAT HANGER,12,2010-12-31 08:48:00,2.8,12110,United Kingdom
536528,22633,HAND WARMER UNION JACK,48,2011-08-04 19:31:00,1.79,12081,United Kingdom
536705,22632,HAND WARMER RED POLKA DOT,1,2011-07-16 20:57:00,1.95,12456,United Kingdom
536705,22086,PAPER CHAIN KIT 50'S CHRISTMAS,5,2011-02-23 18:51:00,2.47,12113,Spain
536705,85123A,WHITE HANGING HEART T-LIGHT HOLDER,12,2011-03-28 19:48:00,2.54,12440,United Kingdom
536529,22633,HAND WARMER UNION JACK,6,2011-08-30 08:29:00,1.99,12172,United Kingdom
537059,84029G,KNITTED UNION FLAG HOT WATER BOTTLE,8,2011-05-08 10:07:00,3.53,12238,United Kingdom
536706,22386,JUMBO BAG PINK POLKADOT,8,2011-04-17 08:02:00,1.96,12312,United Kingdom
536530,84029G,KNITTED UNION FLAG HOT WATER BOTTLE,12,2011-05-23 19:09:00,3.59,12078,United Kingdom
537061,85099C,JUMBO BAG BAROQUE BLACK WHITE,10,2011-12-01 15:18:00,2.01,12503,United Kingdom
538123,22632,HAND WARMER RED POLKA DOT,10,2011-07-19 15:57:00,1.94,12248,United Kingdom
537062,22632,HAND WARMER RED POLKA DOT,2,2011-08-08 10:01:00,1.96,12388,United Kingdom
536531,22114,HOT WATER BOTTLE TEA AND SYMPATHY,6,2011-05-31 19:00:00,3.3,12068,United Kingdom
537063,84029E,RED WOOLLY HOTTIE WHITE HEART,8,2010-12-22 12:21:00,3.31,12395,United Kingdom
537063,22114,HOT WATER BOTTLE TEA AND SYMPATHY,6,2011-05-16 19:34:00,3.34,12234,United Kingdom
536709,84406B,CREAM CUPID HEARTS COAT HANGER,12,2010-12-07 08:54:00,2.86,12106,United Kingdom
536532,22086,PAPER CHAIN KIT 50'S CHRISTMAS,3,2011-07-14 15:32:00,2.72,12435,United Kingdom
536710,71053,WHITE METAL LANTERN,3,2011-04-10 18:23:00,3.41,12544,United Kingdom
536710,22633,HAND WARMER UNION JACK,6,2011-11-18 09:30:00,1.81,12109,United Kingdom
536710,22086,PAPER CHAIN KIT 50'S CHRISTMAS,2,2011-04-03 18:38:00,2.6,12514,United Kingdom
536533,84406B,CREAM CUPID HEARTS COAT HANGER,5,2011-10-15 17:37:00,2.82,12526,France
538134,22386,JUMBO BAG PINK POLKADOT,6,2011-05-06 13:30:00,1.89,12490,United Kingdom
537067,22114,HOT WATER BOTTLE TEA AND SYMPATHY,1,2011-04-09 14:14:00,3.32,12390,France
537068,71053,WHITE METAL LANTERN,3,2011-03-15 16:41:00,3.42,12533,United Kingdom
538137,22633,HAND WARMER UNION JACK,6,2011-02-16 09:41:00,1.88,12401,Spain
537069,71053,WHITE METAL LANTERN,6,2011-02-27 16:55:00,3.24,12217,United Kingdom
538139,71053,WHITE METAL LANTERN,2,2010-12-08 10:14:00,3.22,12064,United Kingdom
536535,84029E,RED WOOLLY HOTTIE WHITE HEART,12,2011-06-13 09:02:00,3.44,12492,France
538141,71053,WHITE METAL LANTERN,4,2011-05-01 11:23:00,3.26,12063,Spain
536714,84406B,CREAM CUPID HEARTS COAT HANGER,6,2011-05-13 18:15:00,2.64,12522,France
536714,22114,HOT WATER BOTTLE TEA AND SYMPATHY,10,2011-07-04 20:48:00,3.52,12141,United Kingdom
536714,84029G,KNITTED UNION FLAG HOT WATER BOTTLE,1,2011-11-12 20:06:00,3.31,12017,United Kingdom
537072,21258,VICTORIAN SEWING BOX LARGE,10,2010-12-02 13:52:00,11.75,12388,United Kingdom
538146,85123A,WHITE HANGING HEART T-LIGHT HOLDER,5,2011-11-18 08:27:00,2.72,12399,United Kingdom
538147,85123A,WHITE HANGING HEART T-LIGHT HOLDER,4,2011-10-28 14:58:00,2.71,12092,France
537074,22386,JUMBO BAG PINK POLKADOT,5,2011-04-24 08:51:00,1.93,12408,United Kingdom
536716,85099C,JUMBO BAG BAROQUE BLACK WHITE,6,2011-10-13 15:02:00,1.86,12199,United Kingdom
536716,22633,HAND WARMER UNION JACK,6,2011-09-10 10:24:00,1.89,12414,United Kingdom
538151,22632,HAND WARMER RED POLKA DOT,5,2011-08-28 11:34:00,1.89,12121,United Kingdom
536538,22961,JAM MAKING SET PRINTED,1,2011-10-11 09:23:00,1.53,12439,United Kingdom
538153,22752,SET 7 BABUSHKA NESTING BOXES,4,2011-09-18 15:57:00,7.96,12242,United Kingdom
537077,85099C,JUMBO BAG BAROQUE BLACK WHITE,48,2011-07-09 19:48:00,1.97,12534,United Kingdom
537077,22114,HOT WATER BOTTLE TEA AND SYMPATHY,36,2011-06-13 08:19:00,3.53,12005,France
536718,22961,JAM MAKING SET PRINTED,5,2011-02-10 09:50:00,1.44,12321,Portugal
536539,85123A,WHITE HANGING HEART T-LIGHT HOLDER,2,2011-07-22 12:45:00,2.67,12499,United Kingdom
538158,22632,HAND WARMER RED POLKA DOT,10,2011-01-19 16:43:00,1.91,12148,United Kingdom
536539,22632,HAND WARMER RED POLKA DOT,2,2011-02-09 14:17:00,1.79,12488,United Kingdom
536540,22633,HAND WARMER UNION JACK,12,2010-12-28 20:45:00,1.98,12270,France
537080,84029E,RED WOOLLY HOTTIE WHITE HEART,8,2011-01-23 16:22:00,3.38,12046,United Kingdom
537081,21258,VICTORIAN SEWING BOX LARGE,2,2010-12-02 17:09:00,11.64,12508,Germany
538163,22086,PAPER CHAIN KIT 50'S CHRISTMAS,5,2010-12-26 09:40:00,2.73,12350,United Kingdom
536541,85099C,JUMBO BAG BAROQUE BLACK WHITE,2,2011-02-26 11:52:00,2.07,12481,Italy
536721,21730,GLASS STAR FROSTED T-LIGHT HOLDER,2,2011-04-23 08:03:00,4.32,12529,United Kingdom
536541,22086,PAPER CHAIN KIT 50'S CHRISTMAS,48,2011-04-03 09:08:00,2.45,12382,United Kingdom
536722,85123A,WHITE HANGING HEART T-LIGHT HOLDER,8,2011-09-14 18:44:00,2.44,12118,United Kingdom
537084,22961,JAM MAKING SET PRINTED,48,2011-07-26 20:06:00,1.5,12322,United Kingdom
538169,85123A,WHITE HANGING HEART T-LIGHT HOLDER,12,2011-06-04 11:52:00,2.57,12139,United Kingdom
538170,85123A,WHITE HANGING HEART T-LIGHT HOLDER,8,2011-07-09 17:20:00,2.42,12495,United Kingdom
538171,22086,PAPER CHAIN KIT 50'S CHRISTMAS,4,2011-08-16 17:50:00,2.66,12300,United Kingdom
536543,22632,HAND WARMER RED POLKA DOT,6,2011-06-30 17:35:00,1.97,12422,United Kingdom
536724,22632,HAND WARMER RED POLKA DOT,5,2011-07-30 20:07:00,1.93,12527,Belgium
537087,22961,JAM MAKING SET PRINTED,2,2011-05-09 20:34:00,1.55,12072,United Kingdom
537087,84029G,KNITTED UNION FLAG HOT WATER BOTTLE,6,2011-05-30 20:35:00,3.4,12187,United Kingdom
537088,22386,JUMBO BAG PINK POLKADOT,6,2011-06-03 15:16:00,2.08,12247,United Kingdom
536544,85099C,JUMBO BAG BAROQUE BLACK WHITE,12,2011-08-29 08:25:00,2.1,12445,United Kingdom
537089,22752,SET 7 BABUSHKA NESTING BOXES,48,2011-09-28 16:14:00,8.26,12306,Belgium
536726,21730,GLASS STAR FROSTED T-LIGHT HOLDER,3,2011-03-01 13:51:00,4.55,12305,United Kingdom
538180,71053,WHITE METAL LANTERN,5,2011-05-19 13:03:00,3.42,12283,France
536545,84029E,RED WOOLLY HOTTIE WHITE HEART,2,2011-10-14 13:22:00,3.64,12163,United Kingdom
538182,71053,WHITE METAL LANTERN,24,2011-10-01 08:34:00,3.62,12332,United Kingdom
536727,21730,GLASS STAR FROSTED T-LIGHT HOLDER,2,2010-12-15 18:38:00,4.17,12085,Italy
536546,22752,SET 7 BABUSHKA NESTING BOXES,1,2011-01-18 17:43:00,7.59,12302,France
536546,22752,SET 7 BABUSHKA NESTING BOXES,2,2010-12-28 18:44:00,7.9,12415,France
537093,84029E,RED WOOLLY HOTTIE WHITE HEART,24,2011-05-11 12:44:00,3.52,12000,Spain
537093,22632,HAND WARMER RED POLKA DOT,10,2011-07-13 13:50:00,1.89,12060,United Kingdom
538188,22386,JUMBO BAG PINK POLKADOT,4,2011-01-10 13:07:00,2.07,12187,Spain
536729,84029E,RED WOOLLY HOTTIE WHITE HEART,6,2011-07-14 18:56:00,3.23,12289,United Kingdom
538190,22114,HOT WATER BOTTLE TEA AND SYMPATHY,12,2011-07-15 19:12:00,3.49,12050,Belgium
536730,22086,PAPER CHAIN KIT 50'S CHRISTMAS,3,2011-10-26 08:58:00,2.67,12067,United Kingdom
536730,22961,JAM MAKING SET PRINTED,36,2011-11-12 17:13:00,1.52,12012,United Kingdom
538193,22386,JUMBO BAG PINK POLKADOT,2,2010-12-02 12:22:00,1.86,12219,United Kingdom
536731,21730,GLASS STAR FROSTED T-LIGHT HOLDER,4,2011-01-02 09:34:00,4.38,12096,Norway
536731,22961,JAM MAKING SET PRINTED,2,2011-10-12 17:57:00,1.48,12354,France
536732,84406B,CREAM CUPID HEARTS COAT HANGER,2,2011-11-17 17:21:00,2.74,12072,United Kingdom
536549,84029E,RED WOOLLY HOTTIE WHITE HEART,6,2011-09-18 17:00:00,3.4,12438,Norway
538198,22386,JUMBO BAG PINK POLKADOT,8,2011-01-07 16:24:00,1.97,12045,France
536549,22386,JUMBO BAG PINK POLKADOT,8,2011-08-14 12:44:00,2.03,12223,United Kingdom
536733,22633,HAND WARMER UNION JACK,36,2011-05-07 17:44:00,1.85,12230,United Kingdom
536550,84029E,RED WOOLLY HOTTIE WHITE HEART,12,2011-06-12 20:54:00,3.37,12008,United Kingdom
538202,22632,HAND WARMER RED POLKA DOT,48,2011-01-07 15:13:00,1.83,12133,Spain
538203,71053,WHITE METAL LANTERN,2,2011-07-24 16:16:00,3.25,12191,United Kingdom
537102,22633,HAND WARMER UNION JACK,4,2011-03-23 20:14:00,1.96,12071,United Kingdom
538205,22114,HOT WATER BOTTLE TEA AND SYMPATHY,8,2011-10-26 14:53:00,3.44,12005,United Kingdom
536551,85099C,JUMBO BAG BAROQUE BLACK WHITE,1,2011-08-19 12:15:00,2.08,12119,United Kingdom
537103,84029E,RED WOOLLY HOTTIE WHITE HEART,1,2011-02-08 17:59:00,3.62,12342,Norway
536552,85099C,JUMBO BAG BAROQUE BLACK WHITE,48,2011-05-21 20:56:00,1.99,12461,United Kingdom
537104,22633,HAND WARMER UNION JACK,8,2011-01-14 10:37:00,1.94,12319,United Kingdom
537105,85123A,WHITE HANGING HEART T-LIGHT HOLDER,12,2011-07-03 18:51:00,2.69,12144,United Kingdom
537105,84029E,RED WOOLLY HOTTIE WHITE HEART,48,2011-01-09 12:29:00,3.61,12129,United Kingdom
538212,22752,SET 7 BABUSHKA NESTING BOXES,8,2011-05-26 10:14:00,7.82,12185,United Kingdom
537106,22086,PAPER CHAIN KIT 50'S CHRISTMAS,6,2011-01-20 18:50:00,2.64,12069,United Kingdom
538214,22386,JUMBO BAG PINK POLKADOT,5,2011-08-25 17:58:00,1.85,12374,United Kingdom
538215,22752,SET 7 BABUSHKA NESTING BOXES,6,2011-08-15 14:13:00,7.6,12083,France
536554,22386,JUMBO BAG PINK POLKADOT,8,2011-11-19 15:10:00,1.88,12529,United Kingdom
536739,85123A,WHITE HANGING HEART T-LIGHT HOLDER,10,2011-04-01 15:34:00,2.65,12221,United Kingdom
537109,22961,JAM MAKING SET PRINTED,12,2011-08-18 17:30:00,1.53,12282,United Kingdom
538219,22386,JUMBO BAG PINK POLKADOT,2,2011-11-02 09:32:00,2.04,12488,United Kingdom
537110,85123A,WHITE HANGING HEART T-LIGHT HOLDER,2,2011-10-11 12:34:00,2.73,12234,United Kingdom
538221,85099C,JUMBO BAG BAROQUE BLACK WHITE,3,2011-04-09 09:17:00,2.1,12216,France
538222,85099C,JUMBO BAG BAROQUE BLACK WHITE,6,2011-01-03 14:23:00,2.03,12010,United Kingdom
538223,22086,PAPER CHAIN KIT 50'S CHRISTMAS,3,2011-02-04 08:40:00,2.44,12152,United Kingdom
536556,71053,WHITE METAL LANTERN,24,2011-08-12 13:54:00,3.53,12105,United Kingdom
538225,22086,PAPER CHAIN KIT 50'S CHRISTMAS,5,2011-02-05 16:05:00,2.72,12416,United Kingdom
538226,71053,WHITE METAL LANTERN,6,2011-05-26 19:50:00,3.63,12450,United Kingdom
538227,84029E,RED WOOLLY HOTTIE WHITE HEART,2,2011-10-09 16:14:00,3.25,12023,United Kingdom
538228,22961,JAM MAKING SET PRINTED,10,2011-07-01 18:56:00,1.56,12075,United Kingdom
538229,84029E,RED WOOLLY HOTTIE WHITE HEART,24,2011-02-20 17:47:00,3.32,12029,United Kingdom
536743,22114,HOT WATER BOTTLE TEA AND SYMPATHY,4,2011-01-04 17:24:00,3.35,12083,Germany
538231,71053,WHITE METAL LANTERN,6,2011-07-03 15:00:00,3.38,12377,Portugal
536558,22752,SET 7 BABUSHKA NESTING BOXES,12,2011-07-24 20:56:00,7.65,12403,Belgium
536558,85123A,WHITE HANGING HEART T-LIGHT HOLDER,4,2011-06-04 13:03:00,2.52,12260,United Kingdom
536558,85123A,WHITE HANGING HEART T-LIGHT HOLDER,4,2011-06-19 11:43:00,2.68,12230,United Kingdom
536745,84029E,RED WOOLLY HOTTIE WHITE HEART,2,2011-10-28 17:24:00,3.3,12172,United Kingdom
538236,22752,SET 7 BABUSHKA NESTING BOXES,3,2011-01-15 12:09:00,8.05,12140,Spain
536745,22086,PAPER CHAIN KIT 50'S CHRISTMAS,2,2011-04-16 18:09:00,2.59,12525,United Kingdom
536559,85099C,JUMBO BAG BAROQUE BLACK WHITE,2,2011-10-01 18:39:00,2.01,12417,United Kingdom
536746,84406B,CREAM CUPID HEARTS COAT HANGER,6,2011-11-30 09:42:00,2.86,12269,United Kingdom
537120,22633,HAND WARMER UNION JACK,24,2011-02-07 19:18:00,1.99,12191,Netherlands
536747,22632,HAND WARMER RED POLKA DOT,3,2011-08-30 11:14:00,1.99,12035,Germany
538242,84406B,CREAM CUPID HEARTS COAT HANGER,8,2011-11-27 13:54:00,2.79,12028,United Kingdom
536747,22086,PAPER CHAIN KIT 50'S CHRISTMAS,4,2011-07-28 20:46:00,2.65,12275,United Kingdom
536561,22114,HOT WATER BOTTLE TEA AND SYMPATHY,8,2011-09-27 19:57:00,3.72,12343,Norway
537122,84029E,RED WOOLLY HOTTIE WHITE HEART,5,2011-07-12 13:36:00,3.6,12402,United Kingdom
536561,22086,PAPER CHAIN KIT 50'S CHRISTMAS,12,2011-01-02 14:13:00,2.46,12181,United Kingdom
538247,84029E,RED WOOLLY HOTTIE WHITE HEART,10,2011-09-20 13:59:00,3.49,12313,United Kingdom
537124,22114,HOT WATER BOTTLE TEA AND SYMPATHY,4,2011-06-23 17:09:00,3.7,12390,United Kingdom
537124,22114,HOT WATER BOTTLE TEA AND SYMPATHY,5,2011-01-27 11:00:00,3.72,12139,United Kingdom
538250,21258,VICTORIAN SEWING BOX LARGE,2,2011-04-16 10:24:00,11.56,12053,Italy
537125,85099C,JUMBO BAG BAROQUE BLACK WHITE,2,2011-04-06 20:57:00,1.96,12119,United Kingdom
536750,84029G,KNITTED UNION FLAG HOT WATER BOTTLE,1,2011-03-20 19:51:00,3.47,12225,United Kingdom
538253,22752,SET 7 BABUSHKA NESTING BOXES,6,2011-11-14 08:01:00,7.95,12124,United Kingdom
536751,22633,HAND WARMER UNION JACK,2,2011-02-24 10:59:00,1.85,12457,United Kingdom
536751,85099C,JUMBO BAG BAROQUE BLACK WHITE,4,2011-05-12 10:13:00,2.1,12286,France
536564,71053,WHITE METAL LANTERN,8,2011-04-12 12:54:00,3.61,12510,United Kingdom
537128,21730,GLASS STAR FROSTED T-LIGHT HOLDER,8,2011-10-28 18:01:00,4.26,12349,Netherlands
537129,22114,HOT WATER BOTTLE TEA AND SYMPATHY,2,2011-07-16 15:28:00,3.47,12331,United Kingdom
538259,71053,WHITE METAL LANTERN,1,2011-01-27 12:58:00,3.59,12365,Germany
538260,22114,HOT WATER BOTTLE TEA AND SYMPATHY,6,2010-12-13 13:20:00,3.57,12046,United Kingdom
536565,85099C,JUMBO BAG BAROQUE BLACK WHITE,2,2011-11-15 10:46:00,1.93,12327,United Kingdom
537131,22114,HOT WATER BOTTLE TEA AND SYMPATHY,6,2011-01-31 14:01:00,3.38,12126,France
536565,84406B,CREAM CUPID HEARTS COAT HANGER,8,2011-08-28 20:40:00,2.79,12168,Spain
537132,71053,WHITE METAL LANTERN,4,2011-06-12 17:22:00,3.29,12400,United Kingdom
537132,22086,PAPER CHAIN KIT 50'S CHRISTMAS,12,2011-09-21 19:40:00,2.68,12352,United Kingdom
536755,84029E,RED WOOLLY HOTTIE WHITE HEART,12,2011-11-03 18:13:00,3.29,12154,United Kingdom
536566,21258,VICTORIAN SEWING BOX LARGE,2,2011-03-27 19:39:00,11.15,12178,United Kingdom
536567,84029E,RED WOOLLY HOTTIE WHITE HEART,12,2011-11-19 19:53:00,3.59,12362,United Kingdom
536567,84406B,CREAM CUPID HEARTS COAT HANGER,36,2011-01-14 16:22:00,2.78,12093,Spain
536567,22633,HAND WARMER UNION JACK,4,2010-12-24 16:11:00,1.88,12123,France
537135,22114,HOT WATER BOTTLE TEA AND SYMPATHY,1,2011-06-14 08:06:00,3.33,12405,United Kingdom
537136,22632,HAND WARMER RED POLKA DOT,6,2011-09-12 18:35:00,1.8,12091,Portugal
536568,21730,GLASS STAR FROSTED T-LIGHT HOLDER,6,2011-11-28 20:16:00,4.18,12412,United Kingdom
536758,84029G,KNITTED UNION FLAG HOT WATER BOTTLE,36,2011-02-06 10:13:00,3.65,12156,United Kingdom
538275,71053,WHITE METAL LANTERN,6,2011-10-21 09:48:00,3.33,12157,United Kingdom
537138,22961,JAM MAKING SET PRINTED,12,2011-11-06 18:40:00,1.41,12362,United Kingdom
536759,84029E,RED WOOLLY HOTTIE WHITE HEART,1,2011-03-19 13:41:00,3.39,12490,Netherlands
538278,84406B,CREAM CUPID HEARTS COAT HANGER,5,2011-08-30 08:17:00,2.9,12282,United Kingdom
536569,84406B,CREAM CUPID HEARTS COAT HANGER,12,2011-11-08 13:14:00,2.95,12124,United Kingdom
538280,84029G,KNITTED UNION FLAG HOT WATER BOTTLE,10,2011-11-03 09:14:00,3.3,12058,United Kingdom
536570,84029G,KNITTED UNION FLAG HOT WATER BOTTLE,8,2011-03-28 17:53:00,3.51,12395,United Kingdom
536570,22086,PAPER CHAIN KIT 50'S CHRISTMAS,3,2010-12-24 13:20:00,2.45,12178,Belgium
536761,22632,HAND WARMER RED POLKA DOT,3,2011-01-14 14:46:00,1.78,12350,United Kingdom
538284,84029G,KNITTED UNION FLAG HOT WATER BOTTLE,6,2011-09-22 19:24:00,3.31,12328,United Kingdom
537142,21730,GLASS STAR FROSTED T-LIGHT HOLDER,1,2010-12-31 15:51:00,4.11,12259,United Kingdom
538286,22961,JAM MAKING SET PRINTED,6,2011-01-06 17:55:00,1.4,12091,United Kingdom
537143,85123A,WHITE HANGING HEART T-LIGHT HOLDER,8,2011-09-19 11:48:00,2.72,12413,United Kingdom
536572,22633,HAND WARMER UNION JACK,24,2011-06-26 08:36:00,1.87,12075,United Kingdom
536572,21730,GLASS STAR FROSTED T-LIGHT HOLDER,6,2011-03-29 09:51:00,4.46,12135,United Kingdom
538290,84029E,RED WOOLLY HOTTIE WHITE HEART,6,2011-07-24 13:44:00,3.45,12486,United Kingdom
537145,22752,SET 7 BABUSHKA NESTING BOXES,8,2011-10-23 11:40:00,8.16,12316,United Kingdom
536573,22632,HAND WARMER RED POLKA DOT,1,2011-05-18 12:12:00,1.88,12342,United Kingdom
538293,71053,WHITE METAL LANTERN,1,2011-02-20 09:37:00,3.59,12357,United Kingdom
536764,84029E,RED WOOLLY HOTTIE WHITE HEART,10,2011-09-15 18:29:00,3.35,12007,France
536573,85123A,WHITE HANGING HEART T-LIGHT HOLDER,4,2011-09-14 15:25:00,2.6,12445,United Kingdom
536574,84029G,KNITTED UNION FLAG HOT WATER BOTTLE,4,2011-09-30 15:59:00,3.64,12429,Germany
536765,84029E,RED WOOLLY HOTTIE WHITE HEART,3,2011-07-07 19:02:00,3.37,12023,United Kingdom
537149,84029E,RED WOOLLY HOTTIE WHITE HEART,6,2011-07-29 11:02:00,3.39,12278,United Kingdom
536574,22632,HAND WARMER RED POLKA DOT,12,2011-07-14 09:07:00,1.89,12366,United Kingdom
537150,22086,PAPER CHAIN KIT 50'S CHRISTMAS,8,2011-05-14 11:03:00,2.62,12008,United Kingdom
537150,84029E,RED WOOLLY HOTTIE WHITE HEART,5,2011-08-28 10:29:00,3.31,12306,United Kingdom
536767,85123A,WHITE HANGING HEART T-LIGHT HOLDER,6,2011-10-11 12:58:00,2.7,12343,United Kingdom
536767,84029E,RED WOOLLY HOTTIE WHITE HEART,3,2011-06-30 18:27:00,3.65,12268,Netherlands
536768,85099C,JUMBO BAG BAROQUE BLACK WHITE,3,2011-03-24 12:45:00,1.87,12312,United Kingdom
537152,84029E,RED WOOLLY HOTTIE WHITE HEART,8,2011-10-08 11:53:00,3.6,12282,United Kingdom
536768,84029G,KNITTED UNION FLAG HOT WATER BOTTLE,6,2011-06-28 12:01:00,3.52,12175,United Kingdom
536769,85123A,WHITE HANGING HEART T-LIGHT HOLDER,6,2011-08-14 14:08:00,2.58,12223,Italy
536769,22632,HAND WARMER RED POLKA DOT,2,2011-01-21 11:10:00,1.76,12456,United Kingdom
538309,22086,PAPER CHAIN KIT 50'S CHRISTMAS,5,2011-08-03 20:02:00,2.52,12531,United Kingdom
536577,84029G,KNITTED UNION FLAG HOT WATER BOTTLE,10,2011-06-08 13:30:00,3.28,12128,United Kingdom
536770,85123A,WHITE HANGING HEART T-LIGHT HOLDER,12,2011-04-22 17:27:00,2.55,12065,United Kingdom
538312,22632,HAND WARMER RED POLKA DOT,8,2010-12-15 10:57:00,1.84,12139,France
536578,71053,WHITE METAL LANTERN,4,2011-05-20 14:55:00,3.53,12401,United Kingdom
536578,22633,HAND WARMER UNION JACK,36,2010-12-02 16:27:00,1.78,12223,Norway
536771,84406B,CREAM CUPID HEARTS COAT HANGER,3,2011-09-09 12:12:00,2.73,12397,United Kingdom
536772,85123A,WHITE HANGING HEART T-LIGHT HOLDER,12,2010-12-25 11:18:00,2.49,12417,United Kingdom
537158,22632,HAND WARMER RED POLKA DOT,4,2010-12-18 11:12:00,1.83,12271,United Kingdom
538318,22632,HAND WARMER RED POLKA DOT,5,2011-05-04 11:42:00,1.9,12516,France
536579,22086,PAPER CHAIN KIT 50'S CHRISTMAS,6,2011-09-03 08:02:00,2.72,12321,France
536773,22386,JUMBO BAG PINK POLKADOT,24,2011-06-14 20:37:00,1.89,12091,United Kingdom
536580,22961,JAM MAKING SET PRINTED,3,2011-04-26 09:29:00,1.56,12309,United Kingdom
537161,84029G,KNITTED UNION FLAG HOT WATER BOTTLE,10,2011-03-27 16:50:00,3.38,12048,United Kingdom
536774,22114,HOT WATER BOTTLE TEA AND SYMPATHY,2,2011-07-05 14:21:00,3.61,12163,United Kingdom
537162,71053,WHITE METAL LANTERN,1,2011-10-16 20:14:00,3.23,12338,United Kingdom
537162,22961,JAM MAKING SET PRINTED,1,2011-03-15 08:14:00,1.41,12418,United Kingdom
538326,85123A,WHITE HANGING HEART T-LIGHT HOLDER,5,2011-11-09 14:50:00,2.73,12010,United Kingdom
536581,22752,SET 7 BABUSHKA NESTING BOXES,8,2011-10-09 17:22:00,7.58,12058,United Kingdom
537164,22632,HAND WARMER RED POLKA DOT,2,2010-12-29 09:57:00,1.81,12264,Germany
538329,71053,WHITE METAL LANTERN,12,2011-03-21 12:45:00,3.57,12047,United Kingdom
538330,84029G,KNITTED UNION FLAG HOT WATER BOTTLE,10,2011-09-24 20:47:00,3.62,12016,United Kingdom
537165,22086,PAPER CHAIN KIT 50'S CHRISTMAS,3,2011-11-04 20:08:00,2.71,12059,United Kingdom
536583,22386,JUMBO BAG PINK POLKADOT,6,2011-04-12 18:56:00,2.04,12104,Germany
536583,21730,GLASS STAR FROSTED T-LIGHT HOLDER,2,2011-05-14 12:26:00,4.47,12187,Belgium
536778,85123A,WHITE HANGING HEART T-LIGHT HOLDER,6,2011-10-24 16:14:00,2.73,12157,Germany
537167,21730,GLASS STAR FROSTED T-LIGHT HOLDER,24,2011-05-23 16:55:00,4.14,12324,United Kingdom
536778,22114,HOT WATER BOTTLE TEA AND SYMPATHY,6,2011-06-16 14:48:00,3.6,12519,France
537168,71053,WHITE METAL LANTERN,2,2011-08-06 11:40:00,3.47,12078,Germany
538338,85123A,WHITE HANGING HEART T-LIGHT HOLDER,6,2011-01-14 08:07:00,2.74,12042,United Kingdom
536584,84029E,RED WOOLLY HOTTIE WHITE HEART,12,2011-10-11 08:42:00,3.65,12075,United Kingdom
536585,85123A,WHITE HANGING HEART T-LIGHT HOLDER,10,2011-04-29 19:02:00,2.73,12154,United Kingdom
536780,22633,HAND WARMER UNION JACK,6,2011-11-21 13:11:00,1.93,12112,United Kingdom
537171,71053,WHITE METAL LANTERN,3,2011-08-10 14:47:00,3.32,12465,United Kingdom
536781,85123A,WHITE HANGING HEART T-LIGHT HOLDER,4,2011-02-15 10:07:00,2.55,12328,United Kingdom
536586,84406B,CREAM CUPID HEARTS COAT HANGER,8,2011-03-09 11:47:00,2.86,12200,United Kingdom
536781,84029G,KNITTED UNION FLAG HOT WATER BOTTLE,6,2011-07-15 08:19:00,3.45,12520,United Kingdom
538346,85099C,JUMBO BAG BAROQUE BLACK WHITE,10,2011-04-18 15:01:00,1.86,12383,United Kingdom
536782,84029E,RED WOOLLY HOTTIE WHITE HEART,12,2011-01-06 17:49:00,3.3,12458,United Kingdom
537174,22632,HAND WARMER RED POLKA DOT,6,2011-06-22 14:40:00,1.8,12324,United Kingdom
536587,84029G,KNITTED UNION FLAG HOT WATER BOTTLE,10,2011-08-12 15:20:00,3.29,12367,United Kingdom
538350,85123A,WHITE HANGING HEART T-LIGHT HOLDER,2,2011-06-23 13:34:00,2.69,12137,United Kingdom
537175,84029E,RED WOOLLY HOTTIE WHITE HEART,2,2011-02-16 17:18:00,3.36,12420,United Kingdom
536784,71053,WHITE METAL LANTERN,8,2011-05-11 20:42:00,3.4,12446,United Kingdom
537176,22632,HAND WARMER RED POLKA DOT,10,2011-10-27 14:11:00,1.93,12184,United Kingdom
536784,84029E,RED WOOLLY HOTTIE WHITE HEART,6,2011-11-05 12:39:00,3.51,12347,United Kingdom
538355,71053,WHITE METAL LANTERN,8,2011-03-25 18:34:00,3.24,12279,United Kingdom
537178,22114,HOT WATER BOTTLE TEA AND SYMPATHY,10,2011-11-26 10:04:00,3.32,12155,United Kingdom
538357,22114,HOT WATER BOTTLE TEA AND SYMPATHY,6,2011-06-09 19:18:00,3.69,12115,France
536589,22633,HAND WARMER UNION JACK,6,2011-09-05 14:34:00,1.85,12008,United Kingdom
536786,22633,HAND WARMER UNION JACK,1,2011-04-14 16:34:00,1.83,12312,France
538360,22114,HOT WATER BOTTLE TEA AND SYMPATHY,2,2010-12-22 20:24:00,3.69,12509,United Kingdom
537180,22633,HAND WARMER UNION JACK,10,2011-05-10 16:20:00,1.99,12411,United Kingdom
536787,22386,JUMBO BAG PINK POLKADOT,8,2011-01-30 17:27:00,1.91,12184,United Kingdom
536590,71053,WHITE METAL LANTERN,2,2011-02-13 10:04:00,3.23,12065,United Kingdom
536788,71053,WHITE METAL LANTERN,36,2011-08-30 11:50:00,3.34,12497,Belgium
538365,22386,JUMBO BAG PINK POLKADOT,6,2011-01-16 15:55:00,1.89,12416,United Kingdom
536788,22632,HAND WARMER RED POLKA DOT,2,2011-09-21 19:33:00,1.8,12203,United Kingdom
538367,22633,HAND WARMER UNION JACK,5,2011-03-23 14:27:00,1.93,12172,France
536789,85123A,WHITE HANGING HEART T-LIGHT HOLDER,6,2011-03-11 19:10:00,2.49,12405,United Kingdom
536789,85123A,WHITE HANGING HEART T-LIGHT HOLDER,10,2011-10-20 08:20:00,2.51,12542,Spain
538370,22633,HAND WARMER UNION JACK,2,2011-05-31 16:44:00,1.86,12175,United Kingdom
538371,22633,HAND WARMER UNION JACK,6,2010-12-31 15:25:00,1.86,12468,France
537186,85099C,JUMBO BAG BAROQUE BLACK WHITE,3,2011-03-01 16:56:00,2.07,12394,United Kingdom
537186,22386,JUMBO BAG PINK POLKADOT,12,2011-03-20 15:26:00,1.87,12344,United Kingdom
536593,22386,JUMBO BAG PINK POLKADOT,2,2011-03-01 14:29:00,1.96,12312,Portugal
538375,85123A,WHITE HANGING HEART T-LIGHT HOLDER,6,2011-03-08 10:42:00,2.47,12231,France
537188,71053,WHITE METAL LANTERN,8,2011-05-28 10:29:00,3.54,12064,United Kingdom
538377,84029G,KNITTED UNION FLAG HOT WATER BOTTLE,4,2011-06-26 15:31:00,3.51,12432,France
537189,22086,PAPER CHAIN KIT 50'S CHRISTMAS,24,2010-12-04 18:57:00,2.6,12272,United Kingdom
537189,85123A,WHITE HANGING HEART T-LIGHT HOLDER,24,2011-07-28 17:28:00,2.46,12515,United Kingdom
536595,84029E,RED WOOLLY HOTTIE WHITE HEART,3,2011-09-23 16:41:00,3.53,12358,United Kingdom
538381,71053,WHITE METAL LANTERN,4,2011-02-16 19:25:00,3.53,12408,United Kingdom
536794,21258,VICTORIAN SEWING BOX LARGE,4,2011-09-21 09:08:00,10.69,12519,United Kingdom
537191,22386,JUMBO BAG PINK POLKADOT,6,2011-05-25 13:14:00,2.02,12009,France
537192,22086,PAPER CHAIN KIT 50'S CHRISTMAS,5,2011-09-23 17:01:00,2.63,12146,France
536795,22752,SET 7 BABUSHKA NESTING BOXES,6,2011-01-02 20:28:00,7.66,12022,United Kingdom
536596,22633,HAND WARMER UNION JACK,6,2011-05-07 18:43:00,1.89,12291,United Kingdom
537193,85123A,WHITE HANGING HEART T-LIGHT HOLDER,12,2011-10-08 20:32:00,2.46,12473,United Kingdom
536796,22114,HOT WATER BOTTLE TEA AND SYMPATHY,6,2011-03-16 14:46:00,3.64,12109,Italy
538389,84029G,KNITTED UNION FLAG HOT WATER BOTTLE,1,2011-04-15 12:20:00,3.49,12527,Germany
536796,22386,JUMBO BAG PINK POLKADOT,12,2011-02-26 09:53:00,1.86,12408,United Kingdom
536597,22752,SET 7 BABUSHKA NESTING BOXES,6,2011-06-23 12:35:00,7.33,12183,United Kingdom
536797,22114,HOT WATER BOTTLE TEA AND SYMPATHY,3,2011-08-24 09:49:00,3.53,12194,Netherlands
536797,22114,HOT WATER BOTTLE TEA AND SYMPATHY,10,2011-08-05 12:42:00,3.52,12485,United Kingdom
538394,22386,JUMBO BAG PINK POLKADOT,48,2011-09-10 13:26:00,1.91,12152,Belgium
536798,22752,SET 7 BABUSHKA NESTING BOXES,3,2010-12-07 08:00:00,7.94,12399,France
536798,84029E,RED WOOLLY HOTTIE WHITE HEART,12,2011-10-27 11:01:00,3.64,12396,United Kingdom
537198,22633,HAND WARMER UNION JACK,12,2011-07-13 16:42:00,2.0,12442,United Kingdom
536599,85123A,WHITE HANGING HEART T-LIGHT HOLDER,6,2010-12-10 18:07:00,2.48,12035,United Kingdom
537199,22632,HAND WARMER RED POLKA DOT,8,2011-07-07 13:56:00,1.77,12277,Spain
536800,84029G,KNITTED UNION FLAG HOT WATER BOTTLE,24,2011-02-06 17:38:00,3.39,12280,United Kingdom
536600,85099C,JUMBO BAG BAROQUE BLACK WHITE,24,2011-06-10 10:19:00,1.95,12129,United Kingdom
536600,22386,JUMBO BAG PINK POLKADOT,24,2011-08-02 10:20:00,2.05,12188,Belgium
538403,71053,WHITE METAL LANTERN,24,2011-05-19 11:13:00,3.51,12301,United Kingdom
536601,85123A,WHITE HANGING HEART T-LIGHT HOLDER,4,2011-05-07 15:57:00,2.6,12333,United Kingdom
536601,84406B,CREAM CUPID HEARTS COAT HANGER,12,2011-05-17 10:06:00,2.9,12547,United Kingdom
538406,85123A,WHITE HANGING HEART T-LIGHT HOLDER,8,2011-02-09 12:21:00,2.49,12170,France
538407,22386,JUMBO BAG PINK POLKADOT,5,2010-12-02 19:15:00,2.02,12093,Belgium
536602,85123A,WHITE HANGING HEART T-LIGHT HOLDER,2,2011-04-01 20:40:00,2.74,12506,United Kingdom
537204,21258,VICTORIAN SEWING BOX LARGE,4,2011-10-13 13:35:00,11.36,12332,United Kingdom
536803,22633,HAND WARMER UNION JACK,4,2011-02-26 18:53:00,1.93,12320,United Kingdom
536803,85123A,WHITE HANGING HEART T-LIGHT HOLDER,2,2011-08-08 13:39:00,2.44,12344,Spain
538412,22633,HAND WARMER UNION JACK,2,2011-06-04 12:38:00,1.87,12314,United Kingdom
536804,84406B,CREAM CUPID HEARTS COAT HANGER,10,2011-10-23 11:22:00,2.72,12541,France
536804,22114,HOT WATER BOTTLE TEA AND SYMPATHY,5,2011-01-27 20:54:00,3.44,12307,France
536603,22961,JAM MAKING SET PRINTED,12,2011-03-13 12:18:00,1.49,12037,United Kingdom
538416,21730,GLASS STAR FROSTED T-LIGHT HOLDER,6,2011-03-24 11:07:00,4.27,12070,United Kingdom
537208,84406B,CREAM CUPID HEARTS COAT HANGER,5,2011-07-07 08:32:00,2.8,12179,Germany
536806,22633,HAND WARMER UNION JACK,5,2011-02-28 15:34:00,1.76,12445,United Kingdom
536806,22086,PAPER CHAIN KIT 50'S CHRISTMAS,8,2011-03-03 09:28:00,2.56,12217,Belgium
536605,22086,PAPER CHAIN KIT 50'S CHRISTMAS,6,2011-08-20 08:06:00,2.71,12364,United Kingdom
536807,21730,GLASS STAR FROSTED T-LIGHT HOLDER,2,2011-04-22 14:31:00,4.3,12387,Belgium
536605,22632,HAND WARMER RED POLKA DOT,3,2011-09-28 09:19:00,1.95,12139,United Kingdom
536605,22633,HAND WARMER UNION JACK,3,2011-10-19 20:27:00,1.98,12053,United Kingdom
538424,22633,HAND WARMER UNION JACK,1,2011-11-19 08:07:00,1.9,12348,United Kingdom
537212,22633,HAND WARMER UNION JACK,2,2011-11-16 19:21:00,1.93,12419,United Kingdom
536808,84029G,KNITTED UNION FLAG HOT WATER BOTTLE,4,2011-02-26 18:18:00,3.54,12526,France
536606,84029G,KNITTED UNION FLAG HOT WATER BOTTLE,2,2011-09-25 13:28:00,3.62,12379,Germany
536809,22386,JUMBO BAG PINK POLKADOT,4,2011-10-22 19:36:00,1.98,12530,France
538429,22114,HOT WATER BOTTLE TEA AND SYMPATHY,5,2011-03-02 10:04:00,3.54,12075,Germany
537215,84029G,KNITTED UNION FLAG HOT WATER BOTTLE,12,2011-10-24 17:58:00,3.62,12473,United Kingdom
536810,84029G,KNITTED UNION FLAG HOT WATER BOTTLE,2,2011-04-14 13:51:00,3.34,12211,United Kingdom
537216,21258,VICTORIAN SEWING BOX LARGE,2,2011-08-25 14:33:00,10.66,12222,United Kingdom
536811,84406B,CREAM CUPID HEARTS COAT HANGER,10,2011-07-11 16:07:00,2.82,12503,Germany
536811,85123A,WHITE HANGING HEART T-LIGHT HOLDER,10,2011-09-22 08:56:00,2.67,12170,Germany
538435,22752,SET 7 BABUSHKA NESTING BOXES,6,2011-06-08 13:09:00,7.69,12433,United Kingdom
536812,84406B,CREAM CUPID HEARTS COAT HANGER,6,2011-01-15 18:53:00,2.88,12021,France
538437,21730,GLASS STAR FROSTED T-LIGHT HOLDER,2,2011-11-08 13:12:00,4.26,12124,United Kingdom
538438,84406B,CREAM CUPID HEARTS COAT HANGER,6,2010-12-06 11:54:00,2.92,12485,United Kingdom
536813,22632,HAND WARMER RED POLKA DOT,8,2011-05-28 09:15:00,1.77,12060,United Kingdom
538440,84029G,KNITTED UNION FLAG HOT WATER BOTTLE,1,2011-08-15 19:07:00,3.36,12138,United Kingdom
537220,22086,PAPER CHAIN KIT 50'S CHRISTMAS,4,2011-06-24 09:57:00,2.65,12543,United Kingdom
536610,84029E,RED WOOLLY HOTTIE WHITE HEART,3,2011-02-10 15:05:00,3.37,12410,United Kingdom
537221,71053,WHITE METAL LANTERN,1,2011-10-13 08:45:00,3.37,12329,Portugal
536611,22961,JAM MAKING SET PRINTED,24,2011-01-16 13:40:00,1.46,12252,United Kingdom
536611,84029G,KNITTED UNION FLAG HOT WATER BOTTLE,5,2011-06-11 11:37:00,3.3,12355,Germany
536611,85123A,WHITE HANGING HEART T-LIGHT HOLDER,24,2011-04-28 11:25:00,2.63,12137,Germany
536611,22386,JUMBO BAG PINK POLKADOT,1,2011-08-06 10:29:00,1.89,12431,Italy
536612,22632,HAND WARMER RED POLKA DOT,3,2010-12-03 13:58:00,1.8,12084,United Kingdom
538449,84406B,CREAM CUPID HEARTS COAT HANGER,1,2011-11-26 18:26:00,2.93,12472,Norway
537225,84029G,KNITTED UNION FLAG HOT WATER BOTTLE,10,2011-05-21 16:55:00,3.63,12419,Germany
536817,85123A,WHITE HANGING HEART T-LIGHT HOLDER,8,2011-02-02 08:12:00,2.6,12138,United Kingdom
536817,84406B,CREAM CUPID HEARTS COAT HANGER,3,2011-02-12 15:26:00,2.66,12521,Netherlands
536817,84406B,CREAM CUPID HEARTS COAT HANGER,2,2011-11-12 12:29:00,2.88,12235,United Kingdom
538454,22114,HOT WATER BOTTLE TEA AND SYMPATHY,10,2011-09-21 14:36:00,3.47,12411,United Kingdom
538455,21258,VICTORIAN SEWING BOX LARGE,6,2011-09-18 10:11:00,11.49,12284,Belgium
536818,22633,HAND WARMER UNION JACK,2,2011-05-13 20:22:00,1.93,12336,United Kingdom
537228,22386,JUMBO BAG PINK POLKADOT,3,2011-08-09 09:29:00,1.9,12435,Germany
538458,85099C,JUMBO BAG BAROQUE BLACK WHITE,10,2011-01-24 20:24:00,2.06,12035,United Kingdom
538459,85099C,JUMBO BAG BAROQUE BLACK WHITE,6,2011-08-17 15:13:00,1.96,12367,Portugal
537230,84406B,CREAM CUPID HEARTS COAT HANGER,8,2011-03-20 14:18:00,2.77,12257,United Kingdom
538461,22086,PAPER CHAIN KIT 50'S CHRISTMAS,2,2011-10-15 09:22:00,2.7,12429,Portugal
537231,71053,WHITE METAL LANTERN,3,2011-06-21 10:22:00,3.29,12040,Belgium
537231,85123A,WHITE HANGING HEART T-LIGHT HOLDER,1,2011-03-30 09:39:00,2.64,12461,United Kingdom
536821,85123A,WHITE HANGING HEART T-LIGHT HOLDER,8,2011-01-03 08:03:00,2.59,12278,United Kingdom
536821,84406B,CREAM CUPID HEARTS COAT HANGER,10,2011-06-09 20:15:00,2.84,12060,United Kingdom
536822,22086,PAPER CHAIN KIT 50'S CHRISTMAS,2,2011-01-20 18:59:00,2.67,12476,United Kingdom
536616,22086,PAPER CHAIN KIT 50'S CHRISTMAS,48,2011-02-16 19:24:00,2.71,12416,United Kingdom
538468,71053,WHITE METAL LANTERN,2,2011-08-11 12:50:00,3.35,12271,Germany
537234,22086,PAPER CHAIN KIT 50'S CHRISTMAS,2,2011-02-27 14:06:00,2.7,12052,United Kingdom
536617,84029G,KNITTED UNION FLAG HOT WATER BOTTLE,3,2011-01-20 19:24:00,3.43,12152,United Kingdom
537235,22752,SET 7 BABUSHKA NESTING BOXES,1,2010-12-29 10:49:00,7.86,12242,United Kingdom
537236,22114,HOT WATER BOTTLE TEA AND SYMPATHY,3,2011-01-05 17:23:00,3.71,12031,United Kingdom
536824,21730,GLASS STAR FROSTED T-LIGHT HOLDER,6,2010-12-16 08:06:00,4.11,12012,United Kingdom
536618,22752,SET 7 BABUSHKA NESTING BOXES,10,2011-01-15 11:48:00,7.92,12175,United Kingdom
536618,85123A,WHITE HANGING HEART T-LIGHT HOLDER,6,2011-09-16 08:47:00,2.72,12399,United Kingdom
538476,71053,WHITE METAL LANTERN,24,2011-04-09 13:55:00,3.56,12417,Germany
538477,22961,JAM MAKING SET PRINTED,10,2011-09-18 10:35:00,1.56,12485,Germany
536826,22752,SET 7 BABUSHKA NESTING BOXES,48,2011-04-05 14:03:00,7.41,12230,France
537239,84029G,KNITTED UNION FLAG HOT WATER BOTTLE,2,2011-03-05 13:09:00,3.4,12147,United Kingdom
536826,84406B,CREAM CUPID HEARTS COAT HANGER,12,2011-01-12 10:46:00,2.85,12017,United Kingdom
536620,84029G,KNITTED UNION FLAG HOT WATER BOTTLE,6,2011-07-31 10:24:00,3.31,12187,United Kingdom
536827,22632,HAND WARMER RED POLKA DOT,2,2011-01-18 11:59:00,1.86,12476,United Kingdom
538483,84029G,KNITTED UNION FLAG HOT WATER BOTTLE,24,2011-11-12 10:17:00,3.59,12367,United Kingdom
536621,84029E,RED WOOLLY HOTTIE WHITE HEART,2,2010-12-19 10:06:00,3.51,12327,Norway
538485,22633,HAND WARMER UNION JACK,6,2011-02-26 20:27:00,1.85,12292,France
536621,22114,HOT WATER BOTTLE TEA AND SYMPATHY,5,2011-04-10 15:35:00,3.67,12526,United Kingdom
536621,71053,WHITE METAL LANTERN,1,2011-06-13 08:58:00,3.45,12319,United Kingdom
537244,85123A,WHITE HANGING HEART T-LIGHT HOLDER,36,2011-07-13 18:35:00,2.75,12112,United Kingdom
537244,21730,GLASS STAR FROSTED T-LIGHT HOLDER,1,2011-01-13 14:19:00,4.26,12541,Belgium
537245,21258,VICTORIAN SEWING BOX LARGE,6,2011-06-20 17:46:00,11.59,12333,Portugal
536830,84029G,KNITTED UNION FLAG HOT WATER BOTTLE,5,2011-08-19 14:17:00,3.64,12516,United Kingdom
536623,84406B,CREAM CUPID HEARTS COAT HANGER,2,2011-05-13 12:27:00,2.87,12009,United Kingdom
537246,22961,JAM MAKING SET PRINTED,2,2011-08-09 18:47:00,1.38,12336,United Kingdom
537247,71053,WHITE METAL LANTERN,1,2010-12-02 08:01:00,3.45,12254,Germany
536623,22086,PAPER CHAIN KIT 50'S CHRISTMAS,2,2011-07-21 11:37:00,2.42,12528,United Kingdom
538496,21258,VICTORIAN SEWING BOX LARGE,5,2011-02-01 12:07:00,10.41,12094,United Kingdom
537248,21258,VICTORIAN SEWING BOX LARGE,6,2011-03-31 10:43:00,11.73,12544,Norway
536624,22633,HAND WARMER UNION JACK,1,2011-10-13 08:24:00,1.95,12344,United Kingdom
538499,22961,JAM MAKING SET PRINTED,48,2011-09-07 14:30:00,1.45,12041,United Kingdom
